ID,LongDistance,International,Local,Dropped,Usage
11,26.13,0.00,32.88,1,59.01
523,26.13,0.00,32.88,1,59.01
1035,26.13,0.00,32.88,1,59.01
1547,26.13,0.00,32.88,1,59.01
3808,26.13,0.00,32.88,1,59.01
237,28.26,0.00,38.95,0,67.21
749,28.26,0.00,38.95,0,67.21
1261,28.26,0.00,38.95,0,67.21
1773,28.26,0.00,38.95,0,67.21
478,3.30,0.00,40.91,0,44.22
990,3.30,0.00,40.91,0,44.22
1502,3.30,0.00,40.91,0,44.22
2014,3.30,0.00,40.91,0,44.22
2261,3.30,0.00,40.91,0,44.22
2530,3.30,0.00,40.91,0,44.22
2774,3.30,0.00,40.91,0,44.22
3038,3.30,0.00,40.91,0,44.22
3282,3.30,0.00,40.91,0,44.22
3526,3.30,0.00,40.91,0,44.22
3770,3.30,0.00,40.91,0,44.22
298,12.34,0.00,7.75,0,20.10
810,12.34,0.00,7.75,0,20.10
1322,12.34,0.00,7.75,0,20.10
1834,12.34,0.00,7.75,0,20.10
2165,12.34,0.00,7.75,0,20.10
2434,12.34,0.00,7.75,0,20.10
2678,12.34,0.00,7.75,0,20.10
2942,12.34,0.00,7.75,0,20.10
3186,12.34,0.00,7.75,0,20.10
3430,12.34,0.00,7.75,0,20.10
3674,12.34,0.00,7.75,0,20.10
279,0.00,0.00,2.89,0,2.89
791,0.00,0.00,2.89,0,2.89
1303,0.00,0.00,2.89,0,2.89
1815,0.00,0.00,2.89,0,2.89
349,27.28,0.00,93.42,0,120.71
861,27.28,0.00,93.42,0,120.71
1373,27.28,0.00,93.42,0,120.71
1885,27.28,0.00,93.42,0,120.71
158,11.55,0.00,15.17,0,26.72
670,11.55,0.00,15.17,0,26.72
1182,11.55,0.00,15.17,0,26.72
1694,11.55,0.00,15.17,0,26.72
124,3.04,0.00,44.95,0,47.99
636,3.04,0.00,44.95,0,47.99
1148,3.04,0.00,44.95,0,47.99
1660,3.04,0.00,44.95,0,47.99
2097,3.04,0.00,44.95,0,47.99
2341,3.04,0.00,44.95,0,47.99
2366,3.04,0.00,44.95,0,47.99
2610,3.04,0.00,44.95,0,47.99
2874,3.04,0.00,44.95,0,47.99
3118,3.04,0.00,44.95,0,47.99
3362,3.04,0.00,44.95,0,47.99
3606,3.04,0.00,44.95,0,47.99
484,21.64,0.00,87.40,0,109.04
996,21.64,0.00,87.40,0,109.04
1508,21.64,0.00,87.40,0,109.04
2020,21.64,0.00,87.40,0,109.04
2267,21.64,0.00,87.40,0,109.04
2536,21.64,0.00,87.40,0,109.04
2780,21.64,0.00,87.40,0,109.04
3044,21.64,0.00,87.40,0,109.04
3288,21.64,0.00,87.40,0,109.04
3532,21.64,0.00,87.40,0,109.04
3776,21.64,0.00,87.40,0,109.04
219,24.07,6.98,27.75,0,58.80
731,24.07,6.98,27.75,0,58.80
1243,24.07,6.98,27.75,0,58.80
1755,24.07,6.98,27.75,0,58.80
221,15.25,0.00,70.65,0,85.90
733,15.25,0.00,70.65,0,85.90
1245,15.25,0.00,70.65,0,85.90
1757,15.25,0.00,70.65,0,85.90
2141,15.25,0.00,70.65,0,85.90
2410,15.25,0.00,70.65,0,85.90
2654,15.25,0.00,70.65,0,85.90
2918,15.25,0.00,70.65,0,85.90
3162,15.25,0.00,70.65,0,85.90
3406,15.25,0.00,70.65,0,85.90
3650,15.25,0.00,70.65,0,85.90
266,2.02,0.00,36.78,1,38.80
778,2.02,0.00,36.78,1,38.80
1290,2.02,0.00,36.78,1,38.80
1802,2.02,0.00,36.78,1,38.80
370,7.12,0.00,20.95,1,28.07
882,7.12,0.00,20.95,1,28.07
1394,7.12,0.00,20.95,1,28.07
1906,7.12,0.00,20.95,1,28.07
1470,28.45,0.00,106.30,0,134.75
1982,28.45,0.00,106.30,0,134.75
2240,28.45,0.00,106.30,0,134.75
2509,28.45,0.00,106.30,0,134.75
2753,28.45,0.00,106.30,0,134.75
3017,28.45,0.00,106.30,0,134.75
3261,28.45,0.00,106.30,0,134.75
3505,28.45,0.00,106.30,0,134.75
3749,28.45,0.00,106.30,0,134.75
1331,19.93,6.46,11.68,0,38.08
135,0.00,0.00,0.79,0,0.79
647,0.00,0.00,0.79,0,0.79
1159,0.00,0.00,0.79,0,0.79
1671,0.00,0.00,0.79,0,0.79
458,14.00,0.00,88.23,0,102.23
970,14.00,0.00,88.23,0,102.23
1482,14.00,0.00,88.23,0,102.23
1994,14.00,0.00,88.23,0,102.23
214,4.19,0.00,114.62,1,118.82
726,4.19,0.00,114.62,1,118.82
1238,4.19,0.00,114.62,1,118.82
1750,4.19,0.00,114.62,1,118.82
332,18.97,0.00,104.73,0,123.70
844,18.97,0.00,104.73,0,123.70
1356,18.97,0.00,104.73,0,123.70
1868,18.97,0.00,104.73,0,123.70
2174,18.97,0.00,104.73,0,123.70
2443,18.97,0.00,104.73,0,123.70
2687,18.97,0.00,104.73,0,123.70
2951,18.97,0.00,104.73,0,123.70
3195,18.97,0.00,104.73,0,123.70
3439,18.97,0.00,104.73,0,123.70
3683,18.97,0.00,104.73,0,123.70
77,9.57,4.19,111.84,0,125.60
589,9.57,4.19,111.84,0,125.60
1101,9.57,4.19,111.84,0,125.60
1317,9.57,4.19,111.84,0,125.60
1613,9.57,4.19,111.84,0,125.60
2624,9.57,4.19,111.84,0,125.60
1276,5.72,8.48,25.14,0,39.36
1788,5.72,8.48,25.14,0,39.36
3177,5.72,8.48,25.14,0,39.36
714,9.75,0.00,47.91,0,57.67
1226,9.75,0.00,47.91,0,57.67
419,29.78,0.00,66.35,0,96.13
931,29.78,0.00,66.35,0,96.13
1443,29.78,0.00,66.35,0,96.13
1955,29.78,0.00,66.35,0,96.13
308,16.39,5.99,30.51,0,52.90
820,16.39,5.99,30.51,0,52.90
1332,16.39,5.99,30.51,0,52.90
1844,16.39,5.99,30.51,0,52.90
42,13.32,8.05,56.64,0,78.02
554,13.32,8.05,56.64,0,78.02
1066,13.32,8.05,56.64,0,78.02
1578,13.32,8.05,56.64,0,78.02
656,2.65,0.00,17.08,1,19.73
1680,2.65,0.00,17.08,1,19.73
2106,2.65,0.00,17.08,1,19.73
2619,2.65,0.00,17.08,1,19.73
473,2.33,5.30,23.46,0,31.10
985,2.33,5.30,23.46,0,31.10
1497,2.33,5.30,23.46,0,31.10
2009,2.33,5.30,23.46,0,31.10
3158,5.52,0.00,17.42,0,22.94
3402,5.52,0.00,17.42,0,22.94
337,26.40,0.00,17.71,0,44.11
849,26.40,0.00,17.71,0,44.11
1361,26.40,0.00,17.71,0,44.11
1873,26.40,0.00,17.71,0,44.11
2176,26.40,0.00,17.71,0,44.11
2445,26.40,0.00,17.71,0,44.11
2689,26.40,0.00,17.71,0,44.11
2953,26.40,0.00,17.71,0,44.11
3197,26.40,0.00,17.71,0,44.11
3441,26.40,0.00,17.71,0,44.11
3685,26.40,0.00,17.71,0,44.11
139,22.66,0.00,27.20,0,49.86
651,22.66,0.00,27.20,0,49.86
1163,22.66,0.00,27.20,0,49.86
1675,22.66,0.00,27.20,0,49.86
2102,22.66,0.00,27.20,0,49.86
2371,22.66,0.00,27.20,0,49.86
2615,22.66,0.00,27.20,0,49.86
2879,22.66,0.00,27.20,0,49.86
3123,22.66,0.00,27.20,0,49.86
3367,22.66,0.00,27.20,0,49.86
3611,22.66,0.00,27.20,0,49.86
374,25.77,0.00,8.84,0,34.61
1910,43.00,0.00,8.84,0,34.61
2182,33.00,0.00,8.84,0,34.61
140,28.52,0.00,161.54,0,190.06
652,28.52,0.00,161.54,0,190.06
1164,28.52,0.00,161.54,0,190.06
1676,28.52,0.00,161.54,0,190.06
29,22.39,0.00,178.36,0,200.75
541,22.39,0.00,178.36,0,200.75
1053,22.39,0.00,178.36,0,200.75
1565,22.39,0.00,178.36,0,200.75
2064,22.39,0.00,178.36,0,200.75
2308,22.39,0.00,178.36,0,200.75
2577,22.39,0.00,178.36,0,200.75
2821,22.39,0.00,178.36,0,200.75
2841,22.39,0.00,178.36,0,200.75
3085,22.39,0.00,178.36,0,200.75
3329,22.39,0.00,178.36,0,200.75
3573,22.39,0.00,178.36,0,200.75
60,11.05,0.00,50.84,0,61.90
572,11.05,0.00,50.84,0,61.90
1084,11.05,0.00,50.84,0,61.90
1596,11.05,0.00,50.84,0,61.90
220,25.87,0.00,68.33,0,94.20
732,25.87,0.00,68.33,0,94.20
1244,25.87,0.00,68.33,0,94.20
1756,25.87,0.00,68.33,0,94.20
335,29.68,0.00,59.08,0,88.77
847,29.68,0.00,59.08,0,88.77
1359,29.68,0.00,59.08,0,88.77
1871,29.68,0.00,59.08,0,88.77
492,28.70,0.00,60.35,0,89.05
1004,28.70,0.00,60.35,0,89.05
1516,28.70,0.00,60.35,0,89.05
2028,28.70,0.00,60.35,0,89.05
2274,28.70,0.00,60.35,0,89.05
2543,28.70,0.00,60.35,0,89.05
2787,28.70,0.00,60.35,0,89.05
3051,28.70,0.00,60.35,0,89.05
3295,28.70,0.00,60.35,0,89.05
3539,28.70,0.00,60.35,0,89.05
3783,28.70,0.00,60.35,0,89.05
86,15.59,0.00,24.19,0,39.79
598,15.59,0.00,24.19,0,39.79
1110,15.59,0.00,24.19,0,39.79
1622,15.59,0.00,24.19,0,39.79
355,25.03,7.33,54.80,0,87.16
867,25.03,7.33,54.80,0,87.16
1379,25.03,7.33,54.80,0,87.16
1891,25.03,7.33,54.80,0,87.16
439,40.00,0.00,99.73,0,108.30
1975,8.56,0.00,99.73,0,108.30
2233,8.56,0.00,99.73,0,108.30
2502,8.56,0.00,99.73,0,108.30
2746,8.56,0.00,99.73,0,108.30
3010,8.56,0.00,99.73,0,108.30
3254,8.56,0.00,99.73,0,108.30
3498,8.56,0.00,99.73,0,108.30
3742,8.56,0.00,99.73,0,108.30
68,18.31,0.00,59.59,0,77.91
580,18.31,0.00,59.59,0,77.91
1092,18.31,0.00,59.59,0,77.91
1604,18.31,0.00,59.59,0,77.91
1539,2.80,7.27,11.32,1,21.39
2052,2.80,7.27,11.32,1,21.39
2565,2.80,7.27,11.32,1,21.39
2829,2.80,7.27,11.32,1,21.39
3317,2.80,7.27,11.32,1,21.39
481,20.83,4.85,117.26,0,142.95
993,20.83,4.85,117.26,0,142.95
1505,20.83,4.85,117.26,0,142.95
2017,20.83,4.85,117.26,0,142.95
2264,20.83,4.85,117.26,0,142.95
2533,20.83,4.85,117.26,0,142.95
2777,20.83,4.85,117.26,0,142.95
3041,20.83,4.85,117.26,0,142.95
3285,20.83,4.85,117.26,0,142.95
3529,20.83,4.85,117.26,0,142.95
3773,20.83,4.85,117.26,0,142.95
375,0.69,0.00,112.72,0,113.42
887,0.69,0.00,112.72,0,113.42
1399,0.69,0.00,112.72,0,113.42
1911,0.69,0.00,112.72,0,113.42
2183,0.69,0.00,112.72,0,113.42
2452,0.69,0.00,112.72,0,113.42
2696,0.69,0.00,112.72,0,113.42
2960,0.69,0.00,112.72,0,113.42
3204,0.69,0.00,112.72,0,113.42
3448,0.69,0.00,112.72,0,113.42
3692,0.69,0.00,112.72,0,113.42
315,28.42,0.00,113.48,0,141.91
827,28.42,0.00,113.48,0,141.91
1339,28.42,0.00,113.48,0,141.91
1851,28.42,0.00,113.48,0,141.91
2169,28.42,0.00,113.48,0,141.91
2438,28.42,0.00,113.48,0,141.91
2682,28.42,0.00,113.48,0,141.91
2946,28.42,0.00,113.48,0,141.91
3190,28.42,0.00,113.48,0,141.91
3434,28.42,0.00,113.48,0,141.91
3678,28.42,0.00,113.48,0,141.91
404,17.49,0.00,106.10,0,123.59
916,17.49,0.00,106.10,0,123.59
1428,17.49,0.00,106.10,0,123.59
1940,17.49,0.00,106.10,0,123.59
2201,17.49,0.00,106.10,0,123.59
2470,17.49,0.00,106.10,0,123.59
2714,17.49,0.00,106.10,0,123.59
2978,17.49,0.00,106.10,0,123.59
3222,17.49,0.00,106.10,0,123.59
3466,17.49,0.00,106.10,0,123.59
3710,17.49,0.00,106.10,0,123.59
386,7.00,0.00,65.93,0,93.85
898,2.00,0.00,65.93,0,93.85
1410,2.00,0.00,65.93,0,93.85
1922,3.00,0.00,65.93,0,93.85
2184,0.00,0.00,65.93,0,93.85
195,11.72,0.00,28.86,0,40.59
707,11.72,0.00,28.86,0,40.59
1219,11.72,0.00,28.86,0,40.59
1731,11.72,0.00,28.86,0,40.59
182,23.23,0.00,80.64,0,103.88
694,23.23,0.00,80.64,0,103.88
1206,23.23,0.00,80.64,0,103.88
1718,23.23,0.00,80.64,0,103.88
821,26.01,0.00,108.44,0,134.45
117,22.79,0.00,20.26,0,43.06
629,22.79,0.00,20.26,0,43.06
1141,22.79,0.00,20.26,0,43.06
1653,22.79,0.00,20.26,0,43.06
2090,22.79,0.00,20.26,0,43.06
2334,22.79,0.00,20.26,0,43.06
2359,22.79,0.00,20.26,0,43.06
2603,22.79,0.00,20.26,0,43.06
2867,22.79,0.00,20.26,0,43.06
3111,22.79,0.00,20.26,0,43.06
3355,22.79,0.00,20.26,0,43.06
3599,22.79,0.00,20.26,0,43.06
108,22.38,0.00,40.48,0,62.87
620,22.38,0.00,40.48,0,62.87
1132,22.38,0.00,40.48,0,62.87
1644,22.38,0.00,40.48,0,62.87
2082,22.38,0.00,40.48,0,62.87
2326,22.38,0.00,40.48,0,62.87
2351,22.38,0.00,40.48,0,62.87
2595,22.38,0.00,40.48,0,62.87
2859,22.38,0.00,40.48,0,62.87
3103,22.38,0.00,40.48,0,62.87
3347,22.38,0.00,40.48,0,62.87
3591,22.38,0.00,40.48,0,62.87
48,14.83,0.00,25.66,0,40.49
560,14.83,0.00,25.66,0,40.49
1072,14.83,0.00,25.66,0,40.49
1584,14.83,0.00,25.66,0,40.49
2071,14.83,0.00,25.66,0,40.49
2315,14.83,0.00,25.66,0,40.49
2584,14.83,0.00,25.66,0,40.49
2848,14.83,0.00,25.66,0,40.49
3092,14.83,0.00,25.66,0,40.49
3336,14.83,0.00,25.66,0,40.49
3580,14.83,0.00,25.66,0,40.49
423,28.00,0.00,160.42,0,176.61
935,29.00,0.00,160.42,0,176.61
1959,42.00,0.00,160.42,0,176.61
2217,35.00,0.00,160.42,0,176.61
2451,45.00,0.00,8.84,0,34.61
2695,45.00,0.00,8.84,0,34.61
440,26.00,0.00,26.78,0,48.08
1464,39.00,0.00,26.78,0,48.08
1976,29.00,0.00,26.78,0,48.08
2730,29.00,0.00,160.42,0,176.61
2994,43.00,0.00,160.42,0,176.61
353,26.61,0.00,236.97,0,263.58
865,26.61,0.00,236.97,0,263.58
1377,26.61,0.00,236.97,0,263.58
198,11.91,0.00,95.10,0,107.02
710,11.91,0.00,95.10,0,107.02
1222,11.91,0.00,95.10,0,107.02
1734,11.91,0.00,95.10,0,107.02
2134,11.91,0.00,95.10,0,107.02
2403,11.91,0.00,95.10,0,107.02
2647,11.91,0.00,95.10,0,107.02
2911,11.91,0.00,95.10,0,107.02
3155,11.91,0.00,95.10,0,107.02
3399,11.91,0.00,95.10,0,107.02
3643,11.91,0.00,95.10,0,107.02
228,4.91,0.00,6.50,0,11.42
740,4.91,0.00,6.50,0,11.42
1252,4.91,0.00,6.50,0,11.42
1764,4.91,0.00,6.50,0,11.42
305,14.39,0.00,8.03,0,22.42
817,14.39,0.00,8.03,0,22.42
1329,14.39,0.00,8.03,0,22.42
1841,14.39,0.00,8.03,0,22.42
410,0.00,0.00,1.46,0,1.46
2207,0.00,0.00,1.46,0,1.46
2720,0.00,0.00,1.46,0,1.46
2984,0.00,0.00,1.46,0,1.46
3228,0.00,0.00,1.46,0,1.46
462,3.67,0.00,25.49,1,29.17
974,3.67,0.00,25.49,1,29.17
1486,3.67,0.00,25.49,1,29.17
1998,3.67,0.00,25.49,1,29.17
2251,3.67,0.00,25.49,1,29.17
2520,3.67,0.00,25.49,1,29.17
2764,3.67,0.00,25.49,1,29.17
3028,3.67,0.00,25.49,1,29.17
3272,3.67,0.00,25.49,1,29.17
3516,3.67,0.00,25.49,1,29.17
3760,3.67,0.00,25.49,1,29.17
65,0.00,0.00,1.34,0,1.34
577,0.00,0.00,1.34,0,1.34
1089,0.00,0.00,1.34,0,1.34
1601,0.00,0.00,1.34,0,1.34
289,20.41,8.89,80.47,0,109.78
801,20.41,8.89,80.47,0,109.78
1313,20.41,8.89,80.47,0,109.78
1825,20.41,8.89,80.47,0,109.78
2162,20.41,8.89,80.47,0,109.78
2431,20.41,8.89,80.47,0,109.78
2675,20.41,8.89,80.47,0,109.78
2939,20.41,8.89,80.47,0,109.78
3183,20.41,8.89,80.47,0,109.78
3427,20.41,8.89,80.47,0,109.78
3671,20.41,8.89,80.47,0,109.78
488,13.35,0.00,8.76,0,22.11
1000,13.35,0.00,8.76,0,22.11
1512,13.35,0.00,8.76,0,22.11
2024,13.35,0.00,8.76,0,22.11
2270,13.35,0.00,8.76,0,22.11
2539,13.35,0.00,8.76,0,22.11
2783,13.35,0.00,8.76,0,22.11
3047,13.35,0.00,8.76,0,22.11
3291,13.35,0.00,8.76,0,22.11
3535,13.35,0.00,8.76,0,22.11
3779,13.35,0.00,8.76,0,22.11
479,18.60,0.00,8.96,0,27.57
991,18.60,0.00,8.96,0,27.57
1503,18.60,0.00,8.96,0,27.57
2015,18.60,0.00,8.96,0,27.57
2262,18.60,0.00,8.96,0,27.57
2531,18.60,0.00,8.96,0,27.57
2775,18.60,0.00,8.96,0,27.57
3039,18.60,0.00,8.96,0,27.57
3283,18.60,0.00,8.96,0,27.57
3527,18.60,0.00,8.96,0,27.57
3771,18.60,0.00,8.96,0,27.57
356,20.01,0.00,84.67,0,104.69
868,20.01,0.00,84.67,0,104.69
1380,20.01,0.00,84.67,0,104.69
1892,20.01,0.00,84.67,0,104.69
36,22.17,0.57,13.45,0,36.20
548,22.17,0.57,13.45,0,36.20
1060,22.17,0.57,13.45,0,36.20
1572,22.17,0.57,13.45,0,36.20
3822,22.17,0.57,13.45,0,36.20
194,29.41,0.00,332.46,0,361.88
706,29.41,0.00,332.46,0,361.88
1218,29.41,0.00,332.46,0,361.88
1730,29.41,0.00,332.46,0,361.88
254,0.08,0.00,10.39,0,10.47
766,0.08,0.00,10.39,0,10.47
1278,0.08,0.00,10.39,0,10.47
1790,0.08,0.00,10.39,0,10.47
284,10.54,0.00,137.19,0,147.74
796,10.54,0.00,137.19,0,147.74
1308,10.54,0.00,137.19,0,147.74
1820,10.54,0.00,137.19,0,147.74
127,22.15,0.00,34.91,0,57.07
639,22.15,0.00,34.91,0,57.07
1151,22.15,0.00,34.91,0,57.07
1663,22.15,0.00,34.91,0,57.07
2098,22.15,0.00,34.91,0,57.07
2342,22.15,0.00,34.91,0,57.07
2367,22.15,0.00,34.91,0,57.07
2611,22.15,0.00,34.91,0,57.07
2875,22.15,0.00,34.91,0,57.07
3119,22.15,0.00,34.91,0,57.07
3363,22.15,0.00,34.91,0,57.07
3607,22.15,0.00,34.91,0,57.07
8,24.81,0.00,22.44,0,47.25
520,24.81,0.00,22.44,0,47.25
1032,24.81,0.00,22.44,0,47.25
1544,24.81,0.00,22.44,0,47.25
3805,24.81,0.00,22.44,0,47.25
21,20.22,0.00,13.94,0,34.17
533,20.22,0.00,13.94,0,34.17
1045,20.22,0.00,13.94,0,34.17
1557,20.22,0.00,13.94,0,34.17
2060,20.22,0.00,13.94,0,34.17
2304,20.22,0.00,13.94,0,34.17
2573,20.22,0.00,13.94,0,34.17
2817,20.22,0.00,13.94,0,34.17
2837,20.22,0.00,13.94,0,34.17
3081,20.22,0.00,13.94,0,34.17
3325,20.22,0.00,13.94,0,34.17
3569,20.22,0.00,13.94,0,34.17
23,9.65,0.00,6.33,0,15.98
535,9.65,0.00,6.33,0,15.98
1047,9.65,0.00,6.33,0,15.98
1559,9.65,0.00,6.33,0,15.98
2062,9.65,0.00,6.33,0,15.98
2306,9.65,0.00,6.33,0,15.98
2575,9.65,0.00,6.33,0,15.98
2819,9.65,0.00,6.33,0,15.98
2839,9.65,0.00,6.33,0,15.98
3083,9.65,0.00,6.33,0,15.98
3327,9.65,0.00,6.33,0,15.98
3571,9.65,0.00,6.33,0,15.98
121,27.72,0.86,57.06,0,85.64
633,27.72,0.86,57.06,0,85.64
1145,27.72,0.86,57.06,0,85.64
1657,27.72,0.86,57.06,0,85.64
2094,27.72,0.86,57.06,0,85.64
2338,27.72,0.86,57.06,0,85.64
2363,27.72,0.86,57.06,0,85.64
2607,27.72,0.86,57.06,0,85.64
2871,27.72,0.86,57.06,0,85.64
3115,27.72,0.86,57.06,0,85.64
3359,27.72,0.86,57.06,0,85.64
3603,27.72,0.86,57.06,0,85.64
2861,3.75,0.00,11.19,0,14.95
3105,3.75,0.00,11.19,0,14.95
3349,3.75,0.00,11.19,0,14.95
3593,3.75,0.00,11.19,0,14.95
391,10.87,0.00,32.43,0,43.31
903,10.87,0.00,32.43,0,43.31
1415,10.87,0.00,32.43,0,43.31
1927,10.87,0.00,32.43,0,43.31
2188,10.87,0.00,32.43,0,43.31
2457,10.87,0.00,32.43,0,43.31
2701,10.87,0.00,32.43,0,43.31
2965,10.87,0.00,32.43,0,43.31
3209,10.87,0.00,32.43,0,43.31
3453,10.87,0.00,32.43,0,43.31
3697,10.87,0.00,32.43,0,43.31
414,9.90,9.17,8.53,0,27.61
648,15.54,1.52,12.19,0,29.25
1160,15.54,1.52,12.19,0,29.25
1672,15.54,1.52,12.19,0,29.25
1306,28.92,0.00,45.47,0,74.40
236,22.43,0.00,41.71,0,64.14
748,22.43,0.00,41.71,0,64.14
1260,22.43,0.00,41.71,0,64.14
1772,22.43,0.00,41.71,0,64.14
494,28.82,0.00,97.05,0,125.87
1006,28.82,0.00,97.05,0,125.87
1518,28.82,0.00,97.05,0,125.87
2030,28.82,0.00,97.05,0,125.87
2276,28.82,0.00,97.05,0,125.87
2545,28.82,0.00,97.05,0,125.87
2789,28.82,0.00,97.05,0,125.87
3053,28.82,0.00,97.05,0,125.87
1012,16.14,0.00,126.55,0,142.70
1524,16.14,0.00,126.55,0,142.70
2036,16.14,0.00,126.55,0,142.70
2282,16.14,0.00,126.55,0,142.70
2551,16.14,0.00,126.55,0,142.70
2795,16.14,0.00,126.55,0,142.70
3059,16.14,0.00,126.55,0,142.70
3303,16.14,0.00,126.55,0,142.70
3547,16.14,0.00,126.55,0,142.70
3791,16.14,0.00,126.55,0,142.70
229,2.20,0.00,9.88,0,12.08
741,2.20,0.00,9.88,0,12.08
1253,2.20,0.00,9.88,0,12.08
1765,2.20,0.00,9.88,0,12.08
273,4.97,6.53,18.07,0,29.58
785,4.97,6.53,18.07,0,29.58
3210,21.87,0.00,192.53,0,214.41
3454,21.87,0.00,192.53,0,214.41
3698,21.87,0.00,192.53,0,214.41
1023,6.89,0.00,6.74,0,13.63
3801,6.89,0.00,6.74,0,13.63
40,13.19,0.00,87.09,0,100.28
552,13.19,0.00,87.09,0,100.28
1064,13.19,0.00,87.09,0,100.28
1576,13.19,0.00,87.09,0,100.28
3825,13.19,0.00,87.09,0,100.28
142,6.11,0.00,58.08,0,64.20
654,6.11,0.00,58.08,0,64.20
1166,6.11,0.00,58.08,0,64.20
1678,6.11,0.00,58.08,0,64.20
2104,6.11,0.00,58.08,0,64.20
2373,6.11,0.00,58.08,0,64.20
2600,27.97,0.00,58.09,0,86.06
2864,27.97,0.00,58.09,0,86.06
3108,27.97,0.00,58.09,0,86.06
3352,27.97,0.00,58.09,0,86.06
3596,27.97,0.00,58.09,0,86.06
6,29.78,0.00,45.50,0,75.29
518,29.78,0.00,45.50,0,75.29
1030,29.78,0.00,45.50,0,75.29
1542,29.78,0.00,45.50,0,75.29
3803,29.78,0.00,45.50,0,75.29
1967,45.00,0.00,262.91,0,265.78
2486,33.00,0.00,160.42,0,176.61
2959,59.00,0.00,8.84,0,34.61
445,37.00,2.22,38.18,0,62.95
232,5.83,8.32,63.28,0,77.44
744,5.83,8.32,63.28,0,77.44
1944,2.40,0.00,50.50,0,52.91
2205,2.40,0.00,50.50,0,52.91
2474,2.40,0.00,50.50,0,52.91
2718,2.40,0.00,50.50,0,52.91
2982,2.40,0.00,50.50,0,52.91
3226,2.40,0.00,50.50,0,52.91
3470,2.40,0.00,50.50,0,52.91
3714,2.40,0.00,50.50,0,52.91
1008,0.00,0.00,4.87,2,4.87
2032,0.00,0.00,4.87,2,4.87
310,22.96,8.28,75.27,0,106.53
444,33.00,0.00,9.51,0,23.52
2294,23.56,0.00,206.08,0,229.64
2750,38.00,0.00,35.73,0,41.78
84,16.80,0.00,56.09,0,72.89
596,16.80,0.00,56.09,0,72.89
1817,29.18,0.00,116.57,3,145.75
431,30.00,0.00,262.91,0,265.78
822,22.96,8.28,75.27,0,106.53
1398,27.00,0.00,8.84,0,34.61
1978,33.00,0.00,61.44,0,65.79
2563,23.56,0.00,206.08,0,229.64
2752,39.00,2.22,38.18,0,62.95
1845,26.01,0.00,108.44,0,134.45
2050,23.56,0.00,206.08,0,229.64
2508,42.00,2.22,38.18,0,62.95
3559,23.56,0.00,206.08,0,229.64
83,18.85,0.00,31.78,0,50.63
595,18.85,0.00,31.78,0,50.63
1107,18.85,0.00,31.78,0,50.63
1619,18.85,0.00,31.78,0,50.63
475,21.41,0.00,85.96,0,107.38
878,9.13,6.29,47.85,0,63.28
1902,9.13,6.29,47.85,0,63.28
295,22.99,7.16,65.77,0,95.93
807,22.99,7.16,65.77,0,95.93
1319,22.99,7.16,65.77,0,95.93
1831,22.99,7.16,65.77,0,95.93
264,6.26,4.92,153.36,0,164.54
1288,6.26,4.92,153.36,0,164.54
110,1.00,0.00,11.19,0,14.95
622,3.75,0.00,11.19,0,14.95
1134,2.00,0.00,11.19,0,14.95
1646,2.00,0.00,11.19,0,14.95
2084,3.00,0.00,11.19,0,14.95
2328,3.75,0.00,11.19,0,14.95
2353,3.75,0.00,11.19,0,14.95
2597,3.75,0.00,11.19,0,14.95
926,9.90,9.17,8.53,0,27.61
1438,9.90,9.17,8.53,0,27.61
1950,9.90,9.17,8.53,0,27.61
2211,9.90,9.17,8.53,0,27.61
2480,9.90,9.17,8.53,0,27.61
2724,9.90,9.17,8.53,0,27.61
2988,9.90,9.17,8.53,0,27.61
3232,9.90,9.17,8.53,0,27.61
3476,9.90,9.17,8.53,0,27.61
3720,9.90,9.17,8.53,0,27.61
231,26.39,0.00,103.12,0,129.51
743,26.39,0.00,103.12,0,129.51
1255,26.39,0.00,103.12,0,129.51
1767,26.39,0.00,103.12,0,129.51
136,15.54,1.52,12.19,0,29.25
3297,28.82,0.00,97.05,0,125.87
3541,28.82,0.00,97.05,0,125.87
3785,28.82,0.00,97.05,0,125.87
351,0.00,0.00,2.00,0,2.00
863,0.00,0.00,2.00,0,2.00
1375,0.00,0.00,2.00,0,2.00
1887,0.00,0.00,2.00,0,2.00
94,9.37,0.00,11.93,0,21.30
606,9.37,0.00,11.93,0,21.30
1118,9.37,0.00,11.93,0,21.30
1630,9.37,0.00,11.93,0,21.30
271,19.88,9.57,19.20,0,48.67
783,19.88,9.57,19.20,0,48.67
1295,19.88,9.57,19.20,0,48.67
1807,19.88,9.57,19.20,0,48.67
500,16.14,0.00,126.55,0,142.70
1297,4.97,6.53,18.07,0,29.58
1809,4.97,6.53,18.07,0,29.58
3011,45.00,0.00,26.78,0,48.08
38,26.49,0.00,12.46,0,38.95
550,26.49,0.00,12.46,0,38.95
1062,26.49,0.00,12.46,0,38.95
1574,26.49,0.00,12.46,0,38.95
3824,26.49,0.00,12.46,0,38.95
392,21.87,0.00,192.53,0,214.41
904,21.87,0.00,192.53,0,214.41
1416,21.87,0.00,192.53,0,214.41
1928,21.87,0.00,192.53,0,214.41
2189,21.87,0.00,192.53,0,214.41
2458,21.87,0.00,192.53,0,214.41
2702,21.87,0.00,192.53,0,214.41
2966,21.87,0.00,192.53,0,214.41
2617,6.11,0.00,58.08,0,64.20
2881,6.11,0.00,58.08,0,64.20
3125,6.11,0.00,58.08,0,64.20
3369,6.11,0.00,58.08,0,64.20
3613,6.11,0.00,58.08,0,64.20
205,27.99,5.32,16.27,0,49.60
717,27.99,5.32,16.27,0,49.60
1229,27.99,5.32,16.27,0,49.60
1741,27.99,5.32,16.27,0,49.60
114,27.97,0.00,58.09,0,86.06
626,27.97,0.00,58.09,0,86.06
1138,27.97,0.00,58.09,0,86.06
1650,27.97,0.00,58.09,0,86.06
2087,27.97,0.00,58.09,0,86.06
2331,27.97,0.00,58.09,0,86.06
2356,27.97,0.00,58.09,0,86.06
1256,5.83,8.32,63.28,0,77.44
1768,5.83,8.32,63.28,0,77.44
2144,5.83,8.32,63.28,0,77.44
2413,5.83,8.32,63.28,0,77.44
2657,5.83,8.32,63.28,0,77.44
2921,5.83,8.32,63.28,0,77.44
3165,5.83,8.32,63.28,0,77.44
3409,5.83,8.32,63.28,0,77.44
3653,5.83,8.32,63.28,0,77.44
213,21.32,0.00,35.85,0,57.17
725,21.32,0.00,35.85,0,57.17
1237,21.32,0.00,35.85,0,57.17
1749,21.32,0.00,35.85,0,57.17
408,2.40,0.00,50.50,0,52.91
920,2.40,0.00,50.50,0,52.91
1432,2.40,0.00,50.50,0,52.91
1108,16.80,0.00,56.09,0,72.89
1620,16.80,0.00,56.09,0,72.89
441,27.00,0.00,154.77,0,168.28
1465,59.00,0.00,154.77,0,168.28
1977,45.00,0.00,154.77,0,168.28
2234,59.00,0.00,26.78,0,48.08
2503,25.77,0.00,26.78,0,48.08
2738,45.00,0.00,262.91,0,265.78
3002,42.00,0.00,262.91,0,265.78
3013,45.00,0.00,61.44,0,65.79
1318,19.77,0.00,105.28,0,125.05
443,33.00,0.00,35.73,0,41.78
886,25.77,0.00,8.84,0,34.61
281,29.18,0.00,116.57,3,145.75
793,29.18,0.00,116.57,3,145.75
1305,29.18,0.00,116.57,3,145.75
987,21.41,0.00,85.96,0,107.38
1499,21.41,0.00,85.96,0,107.38
2011,21.41,0.00,85.96,0,107.38
2258,21.41,0.00,85.96,0,107.38
2527,21.41,0.00,85.96,0,107.38
2771,21.41,0.00,85.96,0,107.38
3035,21.41,0.00,85.96,0,107.38
3279,21.41,0.00,85.96,0,107.38
3523,21.41,0.00,85.96,0,107.38
3767,21.41,0.00,85.96,0,107.38
377,0.00,0.00,3.36,1,3.36
889,0.00,0.00,3.36,1,3.36
1401,0.00,0.00,3.36,1,3.36
1913,0.00,0.00,3.36,1,3.36
394,8.65,9.22,77.00,0,94.88
906,8.65,9.22,77.00,0,94.88
1418,8.65,9.22,77.00,0,94.88
1930,8.65,9.22,77.00,0,94.88
2191,8.65,9.22,77.00,0,94.88
2460,8.65,9.22,77.00,0,94.88
2704,8.65,9.22,77.00,0,94.88
2968,8.65,9.22,77.00,0,94.88
3212,8.65,9.22,77.00,0,94.88
3456,8.65,9.22,77.00,0,94.88
3700,8.65,9.22,77.00,0,94.88
513,23.56,0.00,206.08,0,229.64
1846,22.96,8.28,75.27,0,106.53
2239,29.00,2.22,38.18,0,62.95
2827,23.56,0.00,206.08,0,229.64
1863,7.50,8.06,71.55,0,87.12
2685,7.50,8.06,71.55,0,87.12
1,23.56,0.00,206.08,0,229.64
601,11.64,0.00,74.97,0,86.61
1113,11.64,0.00,74.97,0,86.61
1625,11.64,0.00,74.97,0,86.61
2613,11.64,0.00,74.97,0,86.61
96,22.86,8.32,16.48,0,47.66
608,22.86,8.32,16.48,0,47.66
1120,22.86,8.32,16.48,0,47.66
1632,22.86,8.32,16.48,0,47.66
1299,11.55,0.00,48.18,0,59.73
1979,28.00,0.00,35.73,0,41.78
2505,59.00,0.00,61.44,0,65.79
74,28.82,4.74,13.53,0,47.10
586,28.82,4.74,13.53,0,47.10
1098,28.82,4.74,13.53,0,47.10
1610,28.82,4.74,13.53,0,47.10
255,22.87,0.28,103.52,1,126.68
954,26.00,0.00,61.44,0,65.79
956,33.00,0.00,9.51,0,23.52
957,37.00,2.22,38.18,0,62.95
958,28.45,0.00,106.30,0,134.75
1447,30.00,0.00,160.42,0,176.61
1455,37.00,0.00,262.91,0,265.78
1463,32.00,0.00,99.73,0,108.30
309,26.01,0.00,108.44,0,134.45
1025,23.56,0.00,206.08,0,229.64
2494,28.00,0.00,262.91,0,265.78
3071,23.56,0.00,206.08,0,229.64
1545,2.50,0.00,28.95,0,31.45
3806,2.50,0.00,28.95,0,31.45
460,6.78,0.00,132.65,0,139.44
972,6.78,0.00,132.65,0,139.44
1484,6.78,0.00,132.65,0,139.44
583,20.45,0.00,39.33,0,59.78
1095,20.45,0.00,39.33,0,59.78
1607,20.45,0.00,39.33,0,59.78
2073,20.45,0.00,39.33,0,59.78
2317,20.45,0.00,39.33,0,59.78
2586,20.45,0.00,39.33,0,59.78
2850,20.45,0.00,39.33,0,59.78
3094,20.45,0.00,39.33,0,59.78
3338,20.45,0.00,39.33,0,59.78
3582,20.45,0.00,39.33,0,59.78
133,20.59,1.97,112.40,0,134.97
645,20.59,1.97,112.40,0,134.97
1157,20.59,1.97,112.40,0,134.97
1669,20.59,1.97,112.40,0,134.97
498,13.47,0.00,40.23,0,53.70
1010,13.47,0.00,40.23,0,53.70
1842,29.67,8.76,99.94,0,138.37
104,29.44,9.42,104.64,0,143.50
616,29.44,9.42,104.64,0,143.50
1128,29.44,9.42,104.64,0,143.50
1640,29.44,9.42,104.64,0,143.50
2078,29.44,9.42,104.64,0,143.50
2322,29.44,9.42,104.64,0,143.50
2347,29.44,9.42,104.64,0,143.50
2591,29.44,9.42,104.64,0,143.50
2855,29.44,9.42,104.64,0,143.50
3099,29.44,9.42,104.64,0,143.50
3343,29.44,9.42,104.64,0,143.50
3587,29.44,9.42,104.64,0,143.50
2599,29.28,0.00,40.38,0,69.67
2863,29.28,0.00,40.38,0,69.67
62,0.00,0.00,2.97,0,2.97
574,0.00,0.00,2.97,0,2.97
358,2.54,0.00,164.76,0,167.31
870,2.54,0.00,164.76,0,167.31
1382,2.54,0.00,164.76,0,167.31
1894,2.54,0.00,164.76,0,167.31
771,4.98,7.69,258.29,0,270.97
1283,4.98,7.69,258.29,0,270.97
2159,4.98,7.69,258.29,0,270.97
2428,4.98,7.69,258.29,0,270.97
2672,4.98,7.69,258.29,0,270.97
2936,4.98,7.69,258.29,0,270.97
3180,4.98,7.69,258.29,0,270.97
3424,4.98,7.69,258.29,0,270.97
3668,4.98,7.69,258.29,0,270.97
249,17.48,0.00,39.62,0,57.11
761,17.48,0.00,39.62,0,57.11
1273,17.48,0.00,39.62,0,57.11
1560,17.44,4.94,49.92,1,72.31
2063,17.44,4.94,49.92,1,72.31
2307,17.44,4.94,49.92,1,72.31
2576,17.44,4.94,49.92,1,72.31
2820,17.44,4.94,49.92,1,72.31
2840,17.44,4.94,49.92,1,72.31
3084,17.44,4.94,49.92,1,72.31
3328,17.44,4.94,49.92,1,72.31
3572,17.44,4.94,49.92,1,72.31
203,23.28,0.00,168.03,0,191.32
715,23.28,0.00,168.03,0,191.32
1227,23.28,0.00,168.03,0,191.32
1739,23.28,0.00,168.03,0,191.32
343,6.69,0.00,43.60,0,50.29
855,6.69,0.00,43.60,0,50.29
1367,6.69,0.00,43.60,0,50.29
936,2.84,0.00,24.44,0,27.28
1448,2.84,0.00,24.44,0,27.28
1960,2.84,0.00,24.44,0,27.28
2218,2.84,0.00,24.44,0,27.28
2487,2.84,0.00,24.44,0,27.28
2731,2.84,0.00,24.44,0,27.28
2995,2.84,0.00,24.44,0,27.28
3239,2.84,0.00,24.44,0,27.28
3483,2.84,0.00,24.44,0,27.28
3727,2.84,0.00,24.44,0,27.28
178,27.42,0.00,23.72,0,51.14
690,27.42,0.00,23.72,0,51.14
1202,27.42,0.00,23.72,0,51.14
1714,27.42,0.00,23.72,0,51.14
2122,27.42,0.00,23.72,0,51.14
2391,27.42,0.00,23.72,0,51.14
1334,22.96,8.28,75.27,0,106.53
2225,39.00,0.00,262.91,0,265.78
2807,23.56,0.00,206.08,0,229.64
3012,29.00,0.00,154.77,0,168.28
422,0.00,0.00,0.97,0,0.97
934,0.00,0.00,0.97,0,0.97
1446,0.00,0.00,0.97,0,0.97
1958,0.00,0.00,0.97,0,0.97
2216,0.00,0.00,0.97,0,0.97
2485,0.00,0.00,0.97,0,0.97
2729,0.00,0.00,0.97,0,0.97
2993,0.00,0.00,0.97,0,0.97
3237,0.00,0.00,0.97,0,0.97
3481,0.00,0.00,0.97,0,0.97
3725,0.00,0.00,0.97,0,0.97
89,11.64,0.00,74.97,0,86.61
767,22.87,0.28,103.52,1,126.68
1279,22.87,0.28,103.52,1,126.68
1791,22.87,0.28,103.52,1,126.68
2158,22.87,0.28,103.52,1,126.68
2427,22.87,0.28,103.52,1,126.68
2671,22.87,0.28,103.52,1,126.68
2935,22.87,0.28,103.52,1,126.68
3179,22.87,0.28,103.52,1,126.68
3423,22.87,0.28,103.52,1,126.68
3667,22.87,0.28,103.52,1,126.68
442,26.00,0.00,61.44,0,65.79
446,28.45,0.00,106.30,0,134.75
943,30.00,0.00,262.91,0,265.78
951,40.00,0.00,99.73,0,108.30
952,26.00,0.00,26.78,0,48.08
953,27.00,0.00,154.77,0,168.28
1996,6.78,0.00,132.65,0,139.44
955,33.00,0.00,35.73,0,41.78
1333,26.01,0.00,108.44,0,134.45
1466,43.00,0.00,61.44,0,65.79
1469,59.00,2.22,38.18,0,62.95
1537,23.56,0.00,206.08,0,229.64
1981,25.77,2.22,38.18,0,62.95
2235,43.00,0.00,154.77,0,168.28
2237,45.00,0.00,35.73,0,41.78
2504,39.00,0.00,154.77,0,168.28
2506,43.00,0.00,35.73,0,41.78
2747,33.00,0.00,26.78,0,48.08
2749,25.77,0.00,61.44,0,65.79
3014,33.00,0.00,35.73,0,41.78
3315,23.56,0.00,206.08,0,229.64
71,20.45,0.00,39.33,0,59.78
1522,13.47,0.00,40.23,0,53.70
2034,13.47,0.00,40.23,0,53.70
2280,13.47,0.00,40.23,0,53.70
2549,13.47,0.00,40.23,0,53.70
2793,13.47,0.00,40.23,0,53.70
3057,13.47,0.00,40.23,0,53.70
3301,13.47,0.00,40.23,0,53.70
3545,13.47,0.00,40.23,0,53.70
3789,13.47,0.00,40.23,0,53.70
1467,39.00,0.00,35.73,0,41.78
2236,42.00,0.00,61.44,0,65.79
2748,28.00,0.00,154.77,0,168.28
3016,28.00,2.22,38.18,0,62.95
306,29.67,8.76,99.94,0,138.37
818,29.67,8.76,99.94,0,138.37
1330,29.67,8.76,99.94,0,138.37
1086,0.00,0.00,2.97,0,2.97
1598,0.00,0.00,2.97,0,2.97
92,24.70,0.00,73.04,0,97.74
604,24.70,0.00,73.04,0,97.74
1116,24.70,0.00,73.04,0,97.74
1628,24.70,0.00,73.04,0,97.74
3679,24.70,0.00,73.04,0,97.74
3687,24.70,0.00,73.04,0,97.74
3699,24.70,0.00,73.04,0,97.74
3708,24.70,0.00,73.04,0,97.74
3716,24.70,0.00,73.04,0,97.74
3721,24.70,0.00,73.04,0,97.74
1079,12.53,0.00,311.29,0,323.82
1591,12.53,0.00,311.29,0,323.82
2609,17.06,0.00,41.71,2,58.78
1275,18.96,4.62,26.01,0,49.60
1785,17.48,0.00,39.62,0,57.11
2155,17.48,0.00,39.62,0,57.11
2424,17.48,0.00,39.62,0,57.11
2668,17.48,0.00,39.62,0,57.11
2932,17.48,0.00,39.62,0,57.11
3176,17.48,0.00,39.62,0,57.11
3420,17.48,0.00,39.62,0,57.11
3664,17.48,0.00,39.62,0,57.11
138,2.00,1.17,12.48,0,13.82
650,2.00,1.17,12.48,0,13.82
1162,2.00,1.17,12.48,0,13.82
1674,7.00,1.17,12.48,0,13.82
2101,0.00,1.17,12.48,0,13.82
24,17.44,4.94,49.92,1,72.31
536,17.44,4.94,49.92,1,72.31
1048,17.44,4.94,49.92,1,72.31
1879,6.69,0.00,43.60,0,50.29
499,23.50,0.00,10.74,0,34.25
1011,23.50,0.00,10.74,0,34.25
1523,23.50,0.00,10.74,0,34.25
2035,23.50,0.00,10.74,0,34.25
2281,23.50,0.00,10.74,0,34.25
2550,23.50,0.00,10.74,0,34.25
2794,23.50,0.00,10.74,0,34.25
3058,23.50,0.00,10.74,0,34.25
3302,23.50,0.00,10.74,0,34.25
3546,23.50,0.00,10.74,0,34.25
3790,23.50,0.00,10.74,0,34.25
2853,17.13,0.00,12.33,0,29.46
1321,29.94,0.00,48.60,0,78.54
424,2.84,0.00,24.44,0,27.28
2635,27.42,0.00,23.72,0,51.14
2899,27.42,0.00,23.72,0,51.14
3143,27.42,0.00,23.72,0,51.14
3387,27.42,0.00,23.72,0,51.14
3631,27.42,0.00,23.72,0,51.14
234,16.60,0.00,113.31,1,129.91
746,16.60,0.00,113.31,1,129.91
1258,16.60,0.00,113.31,1,129.91
1770,16.60,0.00,113.31,1,129.91
320,20.45,2.07,90.19,0,112.72
832,20.45,2.07,90.19,0,112.72
1344,20.45,2.07,90.19,0,112.72
1856,20.45,2.07,90.19,0,112.72
2857,11.62,0.00,16.76,0,28.38
14,5.03,0.00,23.11,0,28.14
526,5.03,0.00,23.11,0,28.14
1038,5.03,0.00,23.11,0,28.14
1550,5.03,0.00,23.11,0,28.14
3811,5.03,0.00,23.11,0,28.14
1292,10.81,0.00,13.05,0,23.87
2858,10.10,9.69,9.81,0,29.62
260,25.79,0.00,125.52,2,151.32
772,25.79,0.00,125.52,2,151.32
1284,25.79,0.00,125.52,2,151.32
1796,25.79,0.00,125.52,2,151.32
17,12.45,0.00,46.42,4,58.87
529,12.45,0.00,46.42,4,58.87
1041,12.45,0.00,46.42,4,58.87
1553,12.45,0.00,46.42,4,58.87
2056,12.45,0.00,46.42,4,58.87
2300,12.45,0.00,46.42,4,58.87
2569,12.45,0.00,46.42,4,58.87
3538,0.49,0.00,15.20,0,15.69
3782,0.49,0.00,15.20,0,15.69
181,16.01,0.00,10.35,0,26.37
693,16.01,0.00,10.35,0,26.37
1205,16.01,0.00,10.35,0,26.37
1717,16.01,0.00,10.35,0,26.37
2124,16.01,0.00,10.35,0,26.37
2393,16.01,0.00,10.35,0,26.37
2637,16.01,0.00,10.35,0,26.37
2901,16.01,0.00,10.35,0,26.37
3145,16.01,0.00,10.35,0,26.37
3389,16.01,0.00,10.35,0,26.37
3633,16.01,0.00,10.35,0,26.37
510,8.09,0.00,13.74,0,21.83
1022,8.09,0.00,13.74,0,21.83
565,16.79,0.00,81.30,0,98.10
1077,16.79,0.00,81.30,0,98.10
1589,16.79,0.00,81.30,0,98.10
1323,27.05,1.98,78.37,1,107.41
190,10.36,0.00,57.25,0,67.61
702,10.36,0.00,57.25,0,67.61
1214,10.36,0.00,57.25,0,67.61
1726,10.36,0.00,57.25,0,67.61
2131,10.36,0.00,57.25,0,67.61
2400,10.36,0.00,57.25,0,67.61
2644,10.36,0.00,57.25,0,67.61
2908,10.36,0.00,57.25,0,67.61
3152,10.36,0.00,57.25,0,67.61
3396,10.36,0.00,57.25,0,67.61
3640,10.36,0.00,57.25,0,67.61
246,25.18,0.00,252.53,1,277.72
2699,17.01,0.00,27.29,0,44.30
2963,17.01,0.00,27.29,0,44.30
3207,17.01,0.00,27.29,0,44.30
3451,17.01,0.00,27.29,0,44.30
3695,17.01,0.00,27.29,0,44.30
22,9.38,0.00,38.96,0,48.35
534,9.38,0.00,38.96,0,48.35
1046,9.38,0.00,38.96,0,48.35
1558,9.38,0.00,38.96,0,48.35
2061,9.38,0.00,38.96,0,48.35
2305,9.38,0.00,38.96,0,48.35
2574,9.38,0.00,38.96,0,48.35
2818,9.38,0.00,38.96,0,48.35
2838,9.38,0.00,38.96,0,48.35
3082,9.38,0.00,38.96,0,48.35
3326,9.38,0.00,38.96,0,48.35
3706,12.37,0.00,163.41,0,175.78
3715,12.37,0.00,163.41,0,200.50
3719,12.37,0.00,163.41,0,134.67
3728,12.37,0.00,163.41,0,175.78
313,21.94,0.00,256.70,0,278.65
825,21.94,0.00,256.70,0,278.65
1337,21.94,0.00,256.70,0,278.65
1849,21.94,0.00,256.70,0,278.65
2168,21.94,0.00,256.70,0,278.65
2437,21.94,0.00,256.70,0,278.65
2681,21.94,0.00,256.70,0,278.65
2945,21.94,0.00,256.70,0,278.65
3189,21.94,0.00,256.70,0,278.65
3433,21.94,0.00,256.70,0,278.65
3677,21.94,0.00,256.70,0,278.65
365,1.71,0.00,116.14,0,117.85
1144,29.86,0.00,52.22,0,82.08
1656,29.86,0.00,52.22,0,82.08
2093,29.86,0.00,52.22,0,82.08
2337,29.86,0.00,52.22,0,82.08
2362,29.86,0.00,52.22,0,82.08
2606,29.86,0.00,52.22,0,82.08
2870,29.86,0.00,52.22,0,82.08
3114,29.86,0.00,52.22,0,82.08
3358,29.86,0.00,52.22,0,82.08
3602,29.86,0.00,52.22,0,82.08
466,8.00,0.00,6.81,0,33.44
978,2.00,0.00,6.81,0,33.44
1490,2.00,0.00,6.81,0,33.44
2002,9.00,0.00,6.81,0,33.44
2254,7.00,0.00,6.81,0,33.44
250,0.00,0.00,1.16,0,1.16
762,0.00,0.00,1.16,0,1.16
1274,0.00,0.00,1.16,0,1.16
1786,0.00,0.00,1.16,0,1.16
174,0.68,3.35,10.94,0,14.98
686,0.68,3.35,10.94,0,14.98
1198,0.68,3.35,10.94,0,14.98
1710,0.68,3.35,10.94,0,14.98
267,7.94,0.00,65.09,0,73.03
779,7.94,0.00,65.09,0,73.03
1291,7.94,0.00,65.09,0,73.03
1803,7.94,0.00,65.09,0,73.03
383,27.39,0.00,51.47,0,78.87
895,27.39,0.00,51.47,0,78.87
1407,27.39,0.00,51.47,0,78.87
1919,27.39,0.00,51.47,0,78.87
3524,3.01,0.00,37.15,0,40.16
3768,3.01,0.00,37.15,0,40.16
2605,17.00,0.00,137.33,2,154.34
166,13.05,1.51,36.84,0,51.41
678,13.05,1.51,36.84,0,51.41
1190,13.05,1.51,36.84,0,51.41
1702,13.05,1.51,36.84,0,51.41
2117,13.05,1.51,36.84,0,51.41
2386,13.05,1.51,36.84,0,51.41
2630,13.05,1.51,36.84,0,51.41
2894,13.05,1.51,36.84,0,51.41
3138,13.05,1.51,36.84,0,51.41
3382,13.05,1.51,36.84,0,51.41
3626,13.05,1.51,36.84,0,51.41
455,21.00,0.00,6.87,0,27.87
967,21.00,0.00,6.87,0,27.87
2813,12.45,0.00,46.42,4,58.87
2833,12.45,0.00,46.42,4,58.87
3077,12.45,0.00,46.42,4,58.87
3321,12.45,0.00,46.42,4,58.87
3565,12.45,0.00,46.42,4,58.87
1311,12.56,0.00,83.48,0,96.04
1302,0.37,0.00,28.66,0,29.04
491,0.49,0.00,15.20,0,15.69
1003,0.49,0.00,15.20,0,15.69
1515,0.49,0.00,15.20,0,15.69
2027,0.49,0.00,15.20,0,15.69
2273,0.49,0.00,15.20,0,15.69
2542,0.49,0.00,15.20,0,15.69
2786,0.49,0.00,15.20,0,15.69
3050,0.49,0.00,15.20,0,15.69
3294,0.49,0.00,15.20,0,15.69
1534,8.09,0.00,13.74,0,21.83
2046,8.09,0.00,13.74,0,21.83
2291,8.09,0.00,13.74,0,21.83
2560,8.09,0.00,13.74,0,21.83
2804,8.09,0.00,13.74,0,21.83
3068,8.09,0.00,13.74,0,21.83
3312,8.09,0.00,13.74,0,21.83
3556,8.09,0.00,13.74,0,21.83
3800,8.09,0.00,13.74,0,21.83
329,17.37,6.21,51.17,0,74.77
841,17.37,6.21,51.17,0,74.77
1301,17.37,6.21,51.17,0,74.77
1353,17.37,6.21,51.17,0,74.77
1865,17.37,6.21,51.17,0,74.77
2618,17.37,6.21,51.17,0,74.77
53,16.79,0.00,81.30,0,98.10
758,25.18,0.00,252.53,1,277.72
1270,25.18,0.00,252.53,1,277.72
1782,25.18,0.00,252.53,1,277.72
2153,25.18,0.00,252.53,1,277.72
2422,25.18,0.00,252.53,1,277.72
2666,25.18,0.00,252.53,1,277.72
2930,25.18,0.00,252.53,1,277.72
3174,25.18,0.00,252.53,1,277.72
3418,25.18,0.00,252.53,1,277.72
3662,25.18,0.00,252.53,1,277.72
389,17.01,0.00,27.29,0,44.30
901,17.01,0.00,27.29,0,44.30
1413,17.01,0.00,27.29,0,44.30
1925,17.01,0.00,27.29,0,44.30
2186,17.01,0.00,27.29,0,44.30
2455,17.01,0.00,27.29,0,44.30
3570,9.38,0.00,38.96,0,48.35
1286,19.35,0.00,105.33,0,124.69
1293,7.37,0.00,123.88,0,131.25
2667,3.93,3.73,26.69,1,34.35
2931,3.93,3.73,26.69,1,34.35
472,12.86,0.00,18.73,0,31.59
984,12.86,0.00,18.73,0,31.59
1496,12.86,0.00,18.73,0,31.59
2008,12.86,0.00,18.73,0,31.59
63,12.37,0.00,163.41,0,175.78
575,12.37,0.00,163.41,0,175.78
1087,12.37,0.00,163.41,0,175.78
1599,12.37,0.00,163.41,0,175.78
3675,12.37,0.00,163.41,0,175.78
3686,12.37,0.00,163.41,0,175.78
3696,12.37,0.00,163.41,0,175.78
2181,1.71,0.00,116.14,0,117.85
3690,1.71,0.00,116.14,0,117.85
421,27.70,6.11,124.14,2,157.96
933,27.70,6.11,124.14,2,157.96
1445,27.70,6.11,124.14,2,157.96
1957,27.70,6.11,124.14,2,157.96
192,9.84,0.00,62.44,1,72.29
704,9.84,0.00,62.44,1,72.29
1216,9.84,0.00,62.44,1,72.29
1728,9.84,0.00,62.44,1,72.29
276,11.70,0.00,28.70,0,40.41
788,11.70,0.00,28.70,0,40.41
1300,11.70,0.00,28.70,0,40.41
1812,11.70,0.00,28.70,0,40.41
120,29.86,0.00,52.22,0,82.08
632,29.86,0.00,52.22,0,82.08
1320,21.99,8.29,52.40,0,82.69
290,8.32,4.28,55.48,0,68.09
802,8.32,4.28,55.48,0,68.09
1314,8.32,4.28,55.48,0,68.09
1826,8.32,4.28,55.48,0,68.09
495,29.93,0.00,40.07,0,70.01
1007,29.93,0.00,40.07,0,70.01
1519,29.93,0.00,40.07,0,70.01
2031,29.93,0.00,40.07,0,70.01
2277,29.93,0.00,40.07,0,70.01
2546,29.93,0.00,40.07,0,70.01
2790,29.93,0.00,40.07,0,70.01
3054,29.93,0.00,40.07,0,70.01
3298,29.93,0.00,40.07,0,70.01
3542,29.93,0.00,40.07,0,70.01
3786,29.93,0.00,40.07,0,70.01
1677,8.36,0.00,39.04,0,47.40
2372,8.36,0.00,39.04,0,47.40
2616,8.36,0.00,39.04,0,47.40
90,16.21,1.00,125.15,0,142.37
602,16.21,1.00,125.15,0,142.37
1114,16.21,1.00,125.15,0,142.37
1626,16.21,1.00,125.15,0,142.37
476,3.01,0.00,37.15,0,40.16
988,3.01,0.00,37.15,0,40.16
1500,3.01,0.00,37.15,0,40.16
2012,3.01,0.00,37.15,0,40.16
2259,3.01,0.00,37.15,0,40.16
2528,3.01,0.00,37.15,0,40.16
2772,3.01,0.00,37.15,0,40.16
3036,3.01,0.00,37.15,0,40.16
3280,3.01,0.00,37.15,0,40.16
1479,21.00,0.00,6.87,0,27.87
1991,21.00,0.00,6.87,0,27.87
2247,21.00,0.00,6.87,0,27.87
2516,21.00,0.00,6.87,0,27.87
2760,21.00,0.00,6.87,0,27.87
3024,21.00,0.00,6.87,0,27.87
3268,21.00,0.00,6.87,0,27.87
3512,21.00,0.00,6.87,0,27.87
3756,21.00,0.00,6.87,0,27.87
469,28.11,0.00,17.66,0,45.77
981,28.11,0.00,17.66,0,45.77
1493,28.11,0.00,17.66,0,45.77
2005,28.11,0.00,17.66,0,45.77
154,11.63,9.70,115.66,1,137.00
838,29.55,0.00,62.81,0,92.37
1178,11.63,9.70,115.66,1,137.00
1597,21.37,0.00,293.24,0,314.62
239,13.56,0.00,144.66,0,158.22
751,13.56,0.00,144.66,0,158.22
1263,13.56,0.00,144.66,0,158.22
1775,13.56,0.00,144.66,0,158.22
2147,13.56,0.00,144.66,0,158.22
2416,13.56,0.00,144.66,0,158.22
2660,13.56,0.00,144.66,0,158.22
2924,13.56,0.00,144.66,0,158.22
3168,13.56,0.00,144.66,0,158.22
3412,13.56,0.00,144.66,0,158.22
3656,13.56,0.00,144.66,0,158.22
233,6.08,0.00,30.95,0,37.04
385,20.44,0.00,100.08,0,120.53
1281,22.82,0.00,63.29,0,86.12
2154,3.93,3.73,26.69,1,34.35
2663,15.70,0.00,8.97,0,24.67
2927,15.70,0.00,8.97,0,24.67
3171,15.70,0.00,8.97,0,24.67
3415,15.70,0.00,8.97,0,24.67
3659,15.70,0.00,8.97,0,24.67
438,11.72,0.39,5.35,0,17.46
950,11.72,0.39,5.35,0,17.46
1462,11.72,0.39,5.35,0,17.46
1974,11.72,0.39,5.35,0,17.46
2232,11.72,0.39,5.35,0,17.46
2501,11.72,0.39,5.35,0,17.46
2745,11.72,0.39,5.35,0,17.46
3009,11.72,0.39,5.35,0,17.46
3253,11.72,0.39,5.35,0,17.46
3497,11.72,0.39,5.35,0,17.46
3741,11.72,0.39,5.35,0,17.46
3703,4.79,0.50,91.04,1,96.33
3709,4.79,0.50,91.04,1,96.33
3717,4.79,0.50,91.04,1,96.33
3722,4.79,0.50,91.04,1,96.33
257,22.82,0.00,63.29,0,86.12
853,4.91,3.14,82.19,0,90.25
1257,6.08,0.00,30.95,0,37.04
1758,4.58,7.66,8.49,0,20.74
1783,3.93,3.73,26.69,1,34.35
2917,29.64,0.00,90.18,4,119.82
3175,3.93,3.73,26.69,1,34.35
75,23.76,0.00,50.05,0,73.81
587,23.76,0.00,50.05,0,73.81
1099,23.76,0.00,50.05,0,73.81
1611,23.76,0.00,50.05,0,73.81
379,24.39,5.93,60.51,0,90.84
3467,8.58,0.00,37.73,0,46.32
3711,8.58,0.00,37.73,0,46.32
463,14.16,6.01,214.73,0,234.91
975,14.16,6.01,214.73,0,234.91
1487,14.16,6.01,214.73,0,234.91
1999,14.16,6.01,214.73,0,234.91
224,6.36,0.00,15.54,0,21.91
736,6.36,0.00,15.54,0,21.91
1248,6.36,0.00,15.54,0,21.91
1760,6.36,0.00,15.54,0,21.91
97,1.90,0.00,25.95,0,27.86
609,1.90,0.00,25.95,0,27.86
361,6.90,7.21,128.10,1,142.23
873,6.90,7.21,128.10,1,142.23
1385,6.90,7.21,128.10,1,142.23
1897,6.90,7.21,128.10,1,142.23
291,14.27,3.55,45.92,0,63.75
803,14.27,3.55,45.92,0,63.75
1315,14.27,3.55,45.92,0,63.75
1827,14.27,3.55,45.92,0,63.75
504,16.02,0.00,114.20,0,130.22
1016,16.02,0.00,114.20,0,130.22
1528,16.02,0.00,114.20,0,130.22
2040,16.02,0.00,114.20,0,130.22
2285,16.02,0.00,114.20,0,130.22
2554,16.02,0.00,114.20,0,130.22
2798,16.02,0.00,114.20,0,130.22
3062,16.02,0.00,114.20,0,130.22
3306,16.02,0.00,114.20,0,130.22
3550,16.02,0.00,114.20,0,130.22
3794,16.02,0.00,114.20,0,130.22
1280,0.00,0.00,0.68,0,0.68
1277,26.57,0.00,25.26,0,51.83
1406,10.36,0.00,72.16,0,82.53
1918,10.36,0.00,72.16,0,82.53
1171,7.45,0.00,196.22,0,203.67
2377,7.45,0.00,196.22,0,203.67
2621,7.45,0.00,196.22,0,203.67
1357,0.17,0.00,10.22,0,10.39
1869,0.17,0.00,10.22,0,10.39
160,22.47,0.00,28.11,0,50.58
672,22.47,0.00,28.11,0,50.58
1184,22.47,0.00,28.11,0,50.58
1696,22.47,0.00,28.11,0,50.58
2114,22.47,0.00,28.11,0,50.58
2383,22.47,0.00,28.11,0,50.58
2627,22.47,0.00,28.11,0,50.58
2891,22.47,0.00,28.11,0,50.58
3135,22.47,0.00,28.11,0,50.58
1310,0.00,0.00,2.21,0,2.21
111,25.53,0.99,179.93,0,206.46
623,25.53,0.99,179.93,0,206.46
1135,25.53,0.99,179.93,0,206.46
1647,25.53,0.99,179.93,0,206.46
2085,25.53,0.99,179.93,0,206.46
2329,25.53,0.99,179.93,0,206.46
2354,25.53,0.99,179.93,0,206.46
2598,25.53,0.99,179.93,0,206.46
2862,25.53,0.99,179.93,0,206.46
3106,25.53,0.99,179.93,0,206.46
3350,25.53,0.99,179.93,0,206.46
3594,25.53,0.99,179.93,0,206.46
429,20.89,0.49,106.50,0,127.89
941,20.89,0.49,106.50,0,127.89
1453,20.89,0.49,106.50,0,127.89
2814,26.52,0.00,32.19,0,58.72
2834,26.52,0.00,32.19,0,58.72
3078,26.52,0.00,32.19,0,58.72
3322,26.52,0.00,32.19,0,58.72
3566,26.52,0.00,32.19,0,58.72
2852,24.42,0.00,35.90,0,60.32
304,22.24,7.02,64.80,0,94.06
816,22.24,7.02,64.80,0,94.06
1328,22.24,7.02,64.80,0,94.06
1840,22.24,7.02,64.80,0,94.06
2608,28.42,0.00,84.10,0,112.53
180,11.96,0.00,25.58,0,37.55
692,11.96,0.00,25.58,0,37.55
1204,11.96,0.00,25.58,0,37.55
1716,11.96,0.00,25.58,0,37.55
2123,11.96,0.00,25.58,0,37.55
3419,3.93,3.73,26.69,1,34.35
80,11.70,0.00,47.17,0,58.87
592,11.70,0.00,47.17,0,58.87
1104,11.70,0.00,47.17,0,58.87
1616,11.70,0.00,47.17,0,58.87
222,4.58,7.66,8.49,0,20.74
759,3.93,3.73,26.69,1,34.35
795,27.56,0.00,45.46,0,73.02
1408,29.73,5.24,35.73,0,70.70
2653,29.64,0.00,90.18,4,119.82
242,15.70,0.00,8.97,0,24.67
754,15.70,0.00,8.97,0,24.67
1266,15.70,0.00,8.97,0,24.67
1778,15.70,0.00,8.97,0,24.67
2150,15.70,0.00,8.97,0,24.67
2419,15.70,0.00,8.97,0,24.67
360,12.89,0.00,53.81,0,66.70
872,12.89,0.00,53.81,0,66.70
1384,12.89,0.00,53.81,0,66.70
1896,12.89,0.00,53.81,0,66.70
302,27.83,5.19,48.69,0,81.72
814,27.83,5.19,48.69,0,81.72
1326,27.83,5.19,48.69,0,81.72
1838,27.83,5.19,48.69,0,81.72
52,4.79,0.50,91.04,1,96.33
564,4.79,0.50,91.04,1,96.33
1076,4.79,0.50,91.04,1,96.33
1588,4.79,0.50,91.04,1,96.33
3672,4.79,0.50,91.04,1,96.33
3680,4.79,0.50,91.04,1,96.33
3688,4.79,0.50,91.04,1,96.33
3701,4.79,0.50,91.04,1,96.33
891,24.39,5.93,60.51,0,90.84
1403,24.39,5.93,60.51,0,90.84
1915,24.39,5.93,60.51,0,90.84
2856,5.10,0.00,50.22,0,55.32
666,11.63,9.70,115.66,1,137.00
1690,11.63,9.70,115.66,1,137.00
1862,29.55,0.00,62.81,0,92.37
405,8.58,0.00,37.73,0,46.32
917,8.58,0.00,37.73,0,46.32
1429,8.58,0.00,37.73,0,46.32
1941,8.58,0.00,37.73,0,46.32
2202,8.58,0.00,37.73,0,46.32
2471,8.58,0.00,37.73,0,46.32
2715,8.58,0.00,37.73,0,46.32
2979,8.58,0.00,37.73,0,46.32
3223,8.58,0.00,37.73,0,46.32
350,7.72,0.00,9.39,1,17.11
862,7.72,0.00,9.39,1,17.11
1374,7.72,0.00,9.39,1,17.11
1886,7.72,0.00,9.39,1,17.11
215,7.67,0.00,32.12,0,39.80
1239,7.67,0.00,32.12,0,39.80
1751,7.67,0.00,32.12,0,39.80
745,6.08,0.00,30.95,0,37.04
769,22.82,0.00,63.29,0,86.12
1365,4.91,3.14,82.19,0,90.25
2423,3.93,3.73,26.69,1,34.35
3663,3.93,3.73,26.69,1,34.35
317,7.70,4.55,43.20,0,55.47
829,7.70,4.55,43.20,0,55.47
1341,7.70,4.55,43.20,0,55.47
1853,7.70,4.55,43.20,0,55.47
1324,7.99,7.34,87.88,0,103.21
497,29.11,0.00,9.02,0,38.13
1009,29.11,0.00,9.02,0,38.13
1521,29.11,0.00,9.02,0,38.13
2033,29.11,0.00,9.02,0,38.13
2279,29.11,0.00,9.02,0,38.13
2548,29.11,0.00,9.02,0,38.13
2792,29.11,0.00,9.02,0,38.13
3056,29.11,0.00,9.02,0,38.13
3300,29.11,0.00,9.02,0,38.13
3544,29.11,0.00,9.02,0,38.13
3788,29.11,0.00,9.02,0,38.13
1325,5.97,8.21,27.12,1,41.30
78,18.66,0.00,20.34,0,39.00
382,10.36,0.00,72.16,0,82.53
894,10.36,0.00,72.16,0,82.53
3379,22.47,0.00,28.11,0,50.58
3623,22.47,0.00,28.11,0,50.58
477,20.92,0.00,9.01,0,29.93
989,20.92,0.00,9.01,0,29.93
1501,20.92,0.00,9.01,0,29.93
2013,20.92,0.00,9.01,0,29.93
2260,20.92,0.00,9.01,0,29.93
2529,20.92,0.00,9.01,0,29.93
2773,20.92,0.00,9.01,0,29.93
3037,20.92,0.00,9.01,0,29.93
3281,20.92,0.00,9.01,0,29.93
3525,20.92,0.00,9.01,0,29.93
3769,20.92,0.00,9.01,0,29.93
286,0.00,0.00,2.21,0,2.21
333,0.17,0.00,10.22,0,10.39
846,15.27,0.00,25.62,0,40.90
1965,20.89,0.49,106.50,0,127.89
2223,20.89,0.49,106.50,0,127.89
2492,20.89,0.49,106.50,0,127.89
2736,20.89,0.49,106.50,0,127.89
3000,20.89,0.49,106.50,0,127.89
3244,20.89,0.49,106.50,0,127.89
3488,20.89,0.49,106.50,0,127.89
3732,20.89,0.49,106.50,0,127.89
18,26.52,0.00,32.19,0,58.72
530,26.52,0.00,32.19,0,58.72
1042,26.52,0.00,32.19,0,58.72
1554,26.52,0.00,32.19,0,58.72
2057,26.52,0.00,32.19,0,58.72
2301,26.52,0.00,32.19,0,58.72
2570,26.52,0.00,32.19,0,58.72
2392,11.96,0.00,25.58,0,37.55
2636,11.96,0.00,25.58,0,37.55
2900,11.96,0.00,25.58,0,37.55
3144,11.96,0.00,25.58,0,37.55
3388,11.96,0.00,25.58,0,37.55
3632,11.96,0.00,25.58,0,37.55
161,2.01,0.00,150.75,0,152.76
673,2.01,0.00,150.75,0,152.76
1185,2.01,0.00,150.75,0,152.76
1697,2.01,0.00,150.75,0,152.76
436,22.20,0.00,82.43,0,104.63
948,22.20,0.00,82.43,0,104.63
1460,22.20,0.00,82.43,0,104.63
1972,22.20,0.00,82.43,0,104.63
2230,22.20,0.00,82.43,0,104.63
2499,22.20,0.00,82.43,0,104.63
2743,22.20,0.00,82.43,0,104.63
3007,22.20,0.00,82.43,0,104.63
3251,22.20,0.00,82.43,0,104.63
3495,22.20,0.00,82.43,0,104.63
3739,22.20,0.00,82.43,0,104.63
372,21.68,3.46,17.37,0,42.52
884,21.68,3.46,17.37,0,42.52
1396,21.68,3.46,17.37,0,42.52
1908,21.68,3.46,17.37,0,42.52
280,18.46,5.36,20.05,0,43.89
792,18.46,5.36,20.05,0,43.89
1304,18.46,5.36,20.05,0,43.89
1816,18.46,5.36,20.05,0,43.89
209,20.71,0.00,23.00,0,43.71
721,20.71,0.00,23.00,0,43.71
1233,20.71,0.00,23.00,0,43.71
1468,14.00,0.00,9.51,0,23.52
1980,14.00,0.00,9.51,0,23.52
2238,14.00,0.00,9.51,0,23.52
2507,14.00,0.00,9.51,0,23.52
2751,14.00,0.00,9.51,0,23.52
3015,14.00,0.00,9.51,0,23.52
3259,14.00,0.00,9.51,0,23.52
3503,14.00,0.00,9.51,0,23.52
3747,14.00,0.00,9.51,0,23.52
470,12.40,0.00,89.62,0,102.02
982,12.40,0.00,89.62,0,102.02
1494,12.40,0.00,89.62,0,102.02
2006,12.40,0.00,89.62,0,102.02
322,16.20,4.27,18.84,0,39.32
845,0.17,0.00,10.22,0,10.39
1246,4.58,7.66,8.49,0,20.74
3724,5.59,7.26,23.03,0,35.88
201,21.81,0.00,29.28,1,51.09
713,21.81,0.00,29.28,1,51.09
1225,21.81,0.00,29.28,1,51.09
1737,21.81,0.00,29.28,1,51.09
35,0.37,0.00,28.66,0,29.04
547,0.37,0.00,28.66,0,29.04
1059,0.37,0.00,28.66,0,29.04
1571,0.37,0.00,28.66,0,29.04
2620,0.37,0.00,28.66,0,29.04
3821,0.37,0.00,28.66,0,29.04
288,2.00,1.41,43.23,0,46.65
800,2.00,1.41,43.23,0,46.65
1312,2.00,1.41,43.23,0,46.65
1824,2.00,1.41,43.23,0,46.65
283,27.56,0.00,45.46,0,73.02
2944,8.74,0.00,22.82,0,31.56
3188,8.74,0.00,22.82,0,31.56
3432,8.74,0.00,22.82,0,31.56
3676,8.74,0.00,22.82,0,31.56
467,9.00,0.00,49.56,0,50.48
979,2.00,0.00,49.56,0,50.48
1491,2.00,0.00,49.56,0,50.48
2003,7.00,0.00,49.56,0,50.48
2255,0.91,0.00,49.56,0,50.48
88,2.91,8.95,17.11,0,28.98
1112,2.91,8.95,17.11,0,28.98
1335,13.93,6.61,78.21,0,98.76
561,20.95,0.00,15.46,1,36.42
1073,20.95,0.00,15.46,1,36.42
346,6.70,0.00,46.33,0,53.03
858,6.70,0.00,46.33,0,53.03
3694,19.24,0.00,118.00,0,137.25
130,0.00,0.00,3.20,0,3.20
363,0.00,0.00,4.46,0,4.46
875,0.00,0.00,4.46,0,4.46
1387,0.00,0.00,4.46,0,4.46
1899,0.00,0.00,4.46,0,4.46
73,26.91,0.00,9.04,0,35.96
585,26.91,0.00,9.04,0,35.96
1097,26.91,0.00,9.04,0,35.96
1609,26.91,0.00,9.04,0,35.96
218,29.64,0.00,90.18,4,119.82
338,0.41,7.35,208.19,0,215.96
384,29.73,5.24,35.73,0,70.70
730,29.64,0.00,90.18,4,119.82
737,0.57,0.00,23.89,2,24.46
897,20.44,0.00,100.08,0,120.53
2602,28.21,0.00,8.62,0,36.83
2866,28.21,0.00,8.62,0,36.83
54,3.28,0.00,11.74,1,15.02
566,3.28,0.00,11.74,1,15.02
1078,3.28,0.00,11.74,1,15.02
1590,3.28,0.00,11.74,1,15.02
3673,3.28,0.00,11.74,1,15.02
3681,3.28,0.00,11.74,1,15.02
3689,3.28,0.00,11.74,1,15.02
3702,3.28,0.00,11.74,1,15.02
3705,3.28,0.00,11.74,1,15.02
3712,3.28,0.00,11.74,1,15.02
3718,3.28,0.00,11.74,1,15.02
3723,3.28,0.00,11.74,1,15.02
468,7.00,0.00,43.01,0,56.23
980,2.00,0.00,43.01,0,56.23
3469,11.14,0.00,12.58,0,23.73
3713,11.14,0.00,12.58,0,23.73
474,5.03,7.68,76.07,0,88.79
986,5.03,7.68,76.07,0,88.79
1498,5.03,7.68,76.07,0,88.79
2010,5.03,7.68,76.07,0,88.79
2257,5.03,7.68,76.07,0,88.79
2526,5.03,7.68,76.07,0,88.79
2770,5.03,7.68,76.07,0,88.79
3034,5.03,7.68,76.07,0,88.79
3278,5.03,7.68,76.07,0,88.79
3522,5.03,7.68,76.07,0,88.79
3766,5.03,7.68,76.07,0,88.79
241,22.48,0.00,151.61,0,174.09
753,22.48,0.00,151.61,0,174.09
207,25.94,0.00,32.09,0,58.03
719,25.94,0.00,32.09,0,58.03
1231,25.94,0.00,32.09,0,58.03
1743,25.94,0.00,32.09,0,58.03
2136,25.94,0.00,32.09,0,58.03
2405,25.94,0.00,32.09,0,58.03
2649,25.94,0.00,32.09,0,58.03
2913,25.94,0.00,32.09,0,58.03
3157,25.94,0.00,32.09,0,58.03
3401,25.94,0.00,32.09,0,58.03
3645,25.94,0.00,32.09,0,58.03
261,20.15,0.00,37.24,0,57.40
773,20.15,0.00,37.24,0,57.40
1285,20.15,0.00,37.24,0,57.40
1797,20.15,0.00,37.24,0,57.40
263,21.63,0.00,139.20,0,160.84
1745,20.71,0.00,23.00,0,43.71
225,0.57,0.00,23.89,2,24.46
247,3.93,3.73,26.69,1,34.35
734,4.58,7.66,8.49,0,20.74
850,0.41,7.35,208.19,0,215.96
1242,29.64,0.00,90.18,4,119.82
1307,27.56,0.00,45.46,0,73.02
1409,20.44,0.00,100.08,0,120.53
2409,29.64,0.00,90.18,4,119.82
2658,6.08,0.00,30.95,0,37.04
3649,29.64,0.00,90.18,4,119.82
85,24.77,0.00,20.07,0,44.85
95,20.53,0.00,41.89,1,62.42
607,20.53,0.00,41.89,1,62.42
1119,20.53,0.00,41.89,1,62.42
1631,20.53,0.00,41.89,1,62.42
1346,16.20,4.27,18.84,0,39.32
1350,29.55,0.00,62.81,0,92.37
1769,6.08,0.00,30.95,0,37.04
3166,6.08,0.00,30.95,0,37.04
857,6.97,8.91,184.02,0,199.91
1369,6.97,8.91,184.02,0,199.91
418,5.59,7.26,23.03,0,35.88
930,5.59,7.26,23.03,0,35.88
1442,5.59,7.26,23.03,0,35.88
1954,5.59,7.26,23.03,0,35.88
2215,5.59,7.26,23.03,0,35.88
2484,5.59,7.26,23.03,0,35.88
2728,5.59,7.26,23.03,0,35.88
2992,5.59,7.26,23.03,0,35.88
3236,5.59,7.26,23.03,0,35.88
3480,5.59,7.26,23.03,0,35.88
331,0.00,0.00,3.22,0,3.22
798,0.00,0.00,2.21,0,2.21
896,29.73,5.24,35.73,0,70.70
1271,3.93,3.73,26.69,1,34.35
1355,0.00,0.00,3.22,0,3.22
1358,15.27,0.00,25.62,0,40.90
1822,0.00,0.00,2.21,0,2.21
1870,15.27,0.00,25.62,0,40.90
2922,6.08,0.00,30.95,0,37.04
312,8.74,0.00,22.82,0,31.56
824,8.74,0.00,22.82,0,31.56
1336,8.74,0.00,22.82,0,31.56
1848,8.74,0.00,22.82,0,31.56
2167,8.74,0.00,22.82,0,31.56
2436,8.74,0.00,22.82,0,31.56
2680,8.74,0.00,22.82,0,31.56
1370,6.70,0.00,46.33,0,53.03
1882,6.70,0.00,46.33,0,53.03
272,21.97,0.00,19.88,0,41.85
784,21.97,0.00,19.88,0,41.85
1296,21.97,0.00,19.88,0,41.85
1808,21.97,0.00,19.88,0,41.85
388,19.24,0.00,118.00,0,137.25
900,19.24,0.00,118.00,0,137.25
1412,19.24,0.00,118.00,0,137.25
1924,19.24,0.00,118.00,0,137.25
2185,19.24,0.00,118.00,0,137.25
2454,19.24,0.00,118.00,0,137.25
2698,19.24,0.00,118.00,0,137.25
2962,19.24,0.00,118.00,0,137.25
3206,19.24,0.00,118.00,0,137.25
3450,19.24,0.00,118.00,0,137.25
1249,0.57,0.00,23.89,2,24.46
1362,0.41,7.35,208.19,0,215.96
1754,29.64,0.00,90.18,4,119.82
2140,29.64,0.00,90.18,4,119.82
2145,6.08,0.00,30.95,0,37.04
2414,6.08,0.00,30.95,0,37.04
3161,29.64,0.00,90.18,4,119.82
3405,29.64,0.00,90.18,4,119.82
3410,6.08,0.00,30.95,0,37.04
3654,6.08,0.00,30.95,0,37.04
37,28.92,0.00,45.47,0,74.40
549,28.92,0.00,45.47,0,74.40
1061,28.92,0.00,45.47,0,74.40
1573,28.92,0.00,45.47,0,74.40
2623,28.92,0.00,45.47,0,74.40
3823,28.92,0.00,45.47,0,74.40
1492,1.00,0.00,43.01,0,56.23
2004,2.00,0.00,43.01,0,56.23
2256,9.00,0.00,43.01,0,56.23
81,14.22,8.80,10.45,0,33.47
593,14.22,8.80,10.45,0,33.47
1105,14.22,8.80,10.45,0,33.47
1617,14.22,8.80,10.45,0,33.47
407,11.14,0.00,12.58,0,23.73
919,11.14,0.00,12.58,0,23.73
1431,11.14,0.00,12.58,0,23.73
1943,11.14,0.00,12.58,0,23.73
2204,11.14,0.00,12.58,0,23.73
2473,11.14,0.00,12.58,0,23.73
2717,11.14,0.00,12.58,0,23.73
2981,11.14,0.00,12.58,0,23.73
3225,11.14,0.00,12.58,0,23.73
1265,22.48,0.00,151.61,0,174.09
1777,22.48,0.00,151.61,0,174.09
2149,22.48,0.00,151.61,0,174.09
2418,22.48,0.00,151.61,0,174.09
2662,22.48,0.00,151.61,0,174.09
2926,22.48,0.00,151.61,0,174.09
3170,22.48,0.00,151.61,0,174.09
3414,22.48,0.00,151.61,0,174.09
3658,22.48,0.00,151.61,0,174.09
265,19.28,2.02,14.38,1,35.69
777,19.28,2.02,14.38,1,35.69
1289,19.28,2.02,14.38,1,35.69
1801,19.28,2.02,14.38,1,35.69
1298,1.46,0.00,43.97,0,45.44
341,4.91,3.14,82.19,0,90.25
775,21.63,0.00,139.20,0,160.84
1287,21.63,0.00,139.20,0,160.84
1799,21.63,0.00,139.20,0,160.84
206,0.29,0.00,22.15,0,22.44
718,0.29,0.00,22.15,0,22.44
1230,0.29,0.00,22.15,0,22.44
1742,0.29,0.00,22.15,0,22.44
2135,0.29,0.00,22.15,0,22.44
2404,0.29,0.00,22.15,0,22.44
2648,0.29,0.00,22.15,0,22.44
2912,0.29,0.00,22.15,0,22.44
3156,0.29,0.00,22.15,0,22.44
3400,0.29,0.00,22.15,0,22.44
3644,0.29,0.00,22.15,0,22.44
426,22.46,4.16,43.34,0,69.97
938,22.46,4.16,43.34,0,69.97
1450,22.46,4.16,43.34,0,69.97
1962,22.46,4.16,43.34,0,69.97
2220,22.46,4.16,43.34,0,69.97
2489,22.46,4.16,43.34,0,69.97
2733,22.46,4.16,43.34,0,69.97
2997,22.46,4.16,43.34,0,69.97
3241,22.46,4.16,43.34,0,69.97
3485,22.46,4.16,43.34,0,69.97
3729,22.46,4.16,43.34,0,69.97
1327,29.30,0.00,114.62,1,143.93
428,3.76,8.13,5.01,0,16.91
940,3.76,8.13,5.01,0,16.91
1452,3.76,8.13,5.01,0,16.91
1964,3.76,8.13,5.01,0,16.91
2222,3.76,8.13,5.01,0,16.91
2491,3.76,8.13,5.01,0,16.91
3577,11.54,1.61,22.90,0,36.05
270,14.94,1.96,149.26,0,166.18
782,14.94,1.96,149.26,0,166.18
1294,14.94,1.96,149.26,0,166.18
1806,14.94,1.96,149.26,0,166.18
2429,14.94,1.96,149.26,0,166.18
2673,14.94,1.96,149.26,0,166.18
2937,14.94,1.96,149.26,0,166.18
3425,14.94,1.96,149.26,0,166.18
471,12.23,8.87,45.34,0,66.45
983,12.23,8.87,45.34,0,66.45
1495,12.23,8.87,45.34,0,66.45
2007,12.23,8.87,45.34,0,66.45
450,13.96,0.00,96.43,0,110.40
962,13.96,0.00,96.43,0,110.40
3066,0.87,0.00,11.52,0,12.39
3310,0.87,0.00,11.52,0,12.39
3554,0.87,0.00,11.52,0,12.39
3798,0.87,0.00,11.52,0,12.39
509,18.02,0.00,136.47,0,154.49
1021,18.02,0.00,136.47,0,154.49
1533,18.02,0.00,136.47,0,154.49
2045,18.02,0.00,136.47,0,154.49
2290,18.02,0.00,136.47,0,154.49
2559,18.02,0.00,136.47,0,154.49
2803,18.02,0.00,136.47,0,154.49
3067,18.02,0.00,136.47,0,154.49
3311,18.02,0.00,136.47,0,154.49
3555,18.02,0.00,136.47,0,154.49
3799,18.02,0.00,136.47,0,154.49
148,26.99,0.00,13.01,0,40.00
1937,15.32,0.00,6.74,0,22.06
2198,15.32,0.00,6.74,0,22.06
2467,15.32,0.00,6.74,0,22.06
2711,15.32,0.00,6.74,0,22.06
2975,15.32,0.00,6.74,0,22.06
3219,15.32,0.00,6.74,0,22.06
3463,15.32,0.00,6.74,0,22.06
3707,15.32,0.00,6.74,0,22.06
354,7.42,0.00,7.43,0,14.86
866,7.42,0.00,7.43,0,14.86
1378,7.42,0.00,7.43,0,14.86
1890,7.42,0.00,7.43,0,14.86
464,3.00,0.00,100.90,0,113.68
976,2.00,0.00,100.90,0,113.68
1488,2.00,0.00,100.90,0,113.68
2000,7.00,0.00,100.90,0,113.68
109,16.04,5.74,10.34,0,32.13
621,16.04,5.74,10.34,0,32.13
1133,16.04,5.74,10.34,0,32.13
1645,16.04,5.74,10.34,0,32.13
2083,16.04,5.74,10.34,0,32.13
2327,16.04,5.74,10.34,0,32.13
2352,16.04,5.74,10.34,0,32.13
2596,16.04,5.74,10.34,0,32.13
2860,16.04,5.74,10.34,0,32.13
3104,16.04,5.74,10.34,0,32.13
3348,16.04,5.74,10.34,0,32.13
3592,16.04,5.74,10.34,0,32.13
1127,2.15,6.12,85.29,0,93.57
1639,2.15,6.12,85.29,0,93.57
2854,2.15,6.12,85.29,0,93.57
169,29.92,0.00,8.79,0,38.72
681,29.92,0.00,8.79,0,38.72
2952,18.94,0.00,25.18,0,44.13
3196,18.94,0.00,25.18,0,44.13
3440,18.94,0.00,25.18,0,44.13
3684,18.94,0.00,25.18,0,44.13
840,1.52,0.00,29.90,0,31.42
1352,1.52,0.00,29.90,0,31.42
2173,1.52,0.00,29.90,0,31.42
2442,1.52,0.00,29.90,0,31.42
3194,1.52,0.00,29.90,0,31.42
3438,1.52,0.00,29.90,0,31.42
3682,1.52,0.00,29.90,0,31.42
244,25.00,0.00,10.62,0,35.63
756,25.00,0.00,10.62,0,35.63
1268,25.00,0.00,10.62,0,35.63
1780,25.00,0.00,10.62,0,35.63
398,20.86,0.86,19.78,0,41.51
505,7.74,0.00,6.21,0,13.96
1017,7.74,0.00,6.21,0,13.96
1529,7.74,0.00,6.21,0,13.96
2041,7.74,0.00,6.21,0,13.96
2286,7.74,0.00,6.21,0,13.96
2555,7.74,0.00,6.21,0,13.96
2799,7.74,0.00,6.21,0,13.96
3063,7.74,0.00,6.21,0,13.96
3307,7.74,0.00,6.21,0,13.96
3551,7.74,0.00,6.21,0,13.96
3795,7.74,0.00,6.21,0,13.96
493,24.24,0.00,5.21,0,29.46
1005,24.24,0.00,5.21,0,29.46
1517,24.24,0.00,5.21,0,29.46
2029,24.24,0.00,5.21,0,29.46
2275,24.24,0.00,5.21,0,29.46
3657,10.91,0.00,93.61,0,104.53
506,21.33,0.00,87.46,0,108.79
1018,21.33,0.00,87.46,0,108.79
1530,21.33,0.00,87.46,0,108.79
2042,21.33,0.00,87.46,0,108.79
2287,21.33,0.00,87.46,0,108.79
2556,21.33,0.00,87.46,0,108.79
2800,21.33,0.00,87.46,0,108.79
3064,21.33,0.00,87.46,0,108.79
3308,21.33,0.00,87.46,0,108.79
3552,21.33,0.00,87.46,0,108.79
3796,21.33,0.00,87.46,0,108.79
461,11.81,0.63,5.73,0,18.18
973,11.81,0.63,5.73,0,18.18
1485,11.81,0.63,5.73,0,18.18
1997,11.81,0.63,5.73,0,18.18
2735,3.76,8.13,5.01,0,16.91
2999,3.76,8.13,5.01,0,16.91
3243,3.76,8.13,5.01,0,16.91
3487,3.76,8.13,5.01,0,16.91
3731,3.76,8.13,5.01,0,16.91
45,11.54,1.61,22.90,0,36.05
557,11.54,1.61,22.90,0,36.05
1069,11.54,1.61,22.90,0,36.05
1581,11.54,1.61,22.90,0,36.05
2068,11.54,1.61,22.90,0,36.05
2312,11.54,1.61,22.90,0,36.05
2581,11.54,1.61,22.90,0,36.05
2825,11.54,1.61,22.90,0,36.05
2845,11.54,1.61,22.90,0,36.05
3089,11.54,1.61,22.90,0,36.05
3333,11.54,1.61,22.90,0,36.05
1474,13.96,0.00,96.43,0,110.40
1986,13.96,0.00,96.43,0,110.40
2243,13.96,0.00,96.43,0,110.40
2512,13.96,0.00,96.43,0,110.40
2756,13.96,0.00,96.43,0,110.40
3020,13.96,0.00,96.43,0,110.40
3264,13.96,0.00,96.43,0,110.40
3508,13.96,0.00,96.43,0,110.40
3752,13.96,0.00,96.43,0,110.40
508,0.87,0.00,11.52,0,12.39
1020,0.87,0.00,11.52,0,12.39
1532,0.87,0.00,11.52,0,12.39
2044,0.87,0.00,11.52,0,12.39
2289,0.87,0.00,11.52,0,12.39
2558,0.87,0.00,11.52,0,12.39
2802,0.87,0.00,11.52,0,12.39
660,26.99,0.00,13.01,0,40.00
1172,26.99,0.00,13.01,0,40.00
1684,26.99,0.00,13.01,0,40.00
2109,26.99,0.00,13.01,0,40.00
2378,26.99,0.00,13.01,0,40.00
2622,26.99,0.00,13.01,0,40.00
2886,26.99,0.00,13.01,0,40.00
3130,26.99,0.00,13.01,0,40.00
3374,26.99,0.00,13.01,0,40.00
3618,26.99,0.00,13.01,0,40.00
1316,21.52,0.00,25.35,0,46.88
2604,17.21,0.00,31.55,0,48.77
2868,17.21,0.00,31.55,0,48.77
401,15.32,0.00,6.74,0,22.06
913,15.32,0.00,6.74,0,22.06
1425,15.32,0.00,6.74,0,22.06
2252,4.00,0.00,100.90,0,113.68
191,29.43,0.00,10.62,0,40.06
703,29.43,0.00,10.62,0,40.06
1215,29.43,0.00,10.62,0,40.06
1727,29.43,0.00,10.62,0,40.06
2132,29.43,0.00,10.62,0,40.06
2401,29.43,0.00,10.62,0,40.06
2645,29.43,0.00,10.62,0,40.06
2909,29.43,0.00,10.62,0,40.06
3153,29.43,0.00,10.62,0,40.06
3397,29.43,0.00,10.62,0,40.06
3641,29.43,0.00,10.62,0,40.06
339,23.17,0.00,51.68,0,74.86
851,23.17,0.00,51.68,0,74.86
1363,23.17,0.00,51.68,0,74.86
1875,23.17,0.00,51.68,0,74.86
1193,29.92,0.00,8.79,0,38.72
1705,29.92,0.00,8.79,0,38.72
2119,29.92,0.00,8.79,0,38.72
2388,29.92,0.00,8.79,0,38.72
2632,29.92,0.00,8.79,0,38.72
2896,29.92,0.00,8.79,0,38.72
3140,29.92,0.00,8.79,0,38.72
3384,29.92,0.00,8.79,0,38.72
3628,29.92,0.00,8.79,0,38.72
336,18.94,0.00,25.18,0,44.13
848,18.94,0.00,25.18,0,44.13
1360,18.94,0.00,25.18,0,44.13
1872,18.94,0.00,25.18,0,44.13
2175,18.94,0.00,25.18,0,44.13
2444,18.94,0.00,25.18,0,44.13
2688,18.94,0.00,25.18,0,44.13
910,20.86,0.86,19.78,0,41.51
1422,20.86,0.86,19.78,0,41.51
1934,20.86,0.86,19.78,0,41.51
2195,20.86,0.86,19.78,0,41.51
2464,20.86,0.86,19.78,0,41.51
2708,20.86,0.86,19.78,0,41.51
2972,20.86,0.86,19.78,0,41.51
3216,20.86,0.86,19.78,0,41.51
3460,20.86,0.86,19.78,0,41.51
3704,20.86,0.86,19.78,0,41.51
2601,26.68,0.00,9.67,0,36.35
2865,26.68,0.00,9.67,0,36.35
318,14.42,5.61,73.74,0,93.78
830,14.42,5.61,73.74,0,93.78
1342,14.42,5.61,73.74,0,93.78
1854,14.42,5.61,73.74,0,93.78
1282,0.00,0.00,2.83,0,2.83
2544,24.24,0.00,5.21,0,29.46
2788,24.24,0.00,5.21,0,29.46
3052,24.24,0.00,5.21,0,29.46
3296,24.24,0.00,5.21,0,29.46
3540,24.24,0.00,5.21,0,29.46
3784,24.24,0.00,5.21,0,29.46
240,10.91,0.00,93.61,0,104.53
752,10.91,0.00,93.61,0,104.53
1264,10.91,0.00,93.61,0,104.53
1776,10.91,0.00,93.61,0,104.53
2148,10.91,0.00,93.61,0,104.53
2417,10.91,0.00,93.61,0,104.53
2661,10.91,0.00,93.61,0,104.53
2925,10.91,0.00,93.61,0,104.53
3169,10.91,0.00,93.61,0,104.53
3413,10.91,0.00,93.61,0,104.53
465,7.00,7.66,40.92,0,73.76
977,2.00,7.66,40.92,0,73.76
1489,2.00,7.66,40.92,0,73.76
2001,8.00,7.66,40.92,0,73.76
2253,5.00,7.66,40.92,0,73.76
87,8.21,9.63,45.66,0,63.51
599,8.21,9.63,45.66,0,63.51
1111,8.21,9.63,45.66,0,63.51
1623,8.21,9.63,45.66,0,63.51
2851,6.08,0.00,8.79,0,14.87
427,1.03,0.00,83.39,0,84.42
939,1.03,0.00,83.39,0,84.42
1451,1.03,0.00,83.39,0,84.42
1963,1.03,0.00,83.39,0,84.42
2221,1.03,0.00,83.39,0,84.42
2490,1.03,0.00,83.39,0,84.42
2734,1.03,0.00,83.39,0,84.42
2998,1.03,0.00,83.39,0,84.42
3242,1.03,0.00,83.39,0,84.42
3486,1.03,0.00,83.39,0,84.42
3730,1.03,0.00,83.39,0,84.42
285,23.70,0.00,126.96,0,150.67
797,23.70,0.00,126.96,0,150.67
1309,23.70,0.00,126.96,0,150.67
1821,23.70,0.00,126.96,0,150.67
456,29.49,0.00,13.24,0,42.74
968,29.49,0.00,13.24,0,42.74
1480,29.49,0.00,13.24,0,42.74
1992,29.49,0.00,13.24,0,42.74
2248,29.49,0.00,13.24,0,42.74
2517,29.49,0.00,13.24,0,42.74
2761,29.49,0.00,13.24,0,42.74
750,17.58,0.00,8.85,0,26.44
1262,17.58,0.00,8.85,0,26.44
1774,17.58,0.00,8.85,0,26.44
2146,17.58,0.00,8.85,0,26.44
2415,17.58,0.00,8.85,0,26.44
2659,17.58,0.00,8.85,0,26.44
2923,17.58,0.00,8.85,0,26.44
3167,17.58,0.00,8.85,0,26.44
3411,17.58,0.00,8.85,0,26.44
3655,17.58,0.00,8.85,0,26.44
79,20.97,8.23,13.92,0,43.13
591,20.97,8.23,13.92,0,43.13
1103,20.97,8.23,13.92,0,43.13
1615,20.97,8.23,13.92,0,43.13
2612,20.97,8.23,13.92,0,43.13
61,21.37,0.00,293.24,0,314.62
3025,29.49,0.00,13.24,0,42.74
3269,29.49,0.00,13.24,0,42.74
3513,29.49,0.00,13.24,0,42.74
3757,29.49,0.00,13.24,0,42.74
243,13.72,0.00,11.65,0,25.38
755,13.72,0.00,11.65,0,25.38
1267,13.72,0.00,11.65,0,25.38
1779,13.72,0.00,11.65,0,25.38
2151,13.72,0.00,11.65,0,25.38
2420,13.72,0.00,11.65,0,25.38
2664,13.72,0.00,11.65,0,25.38
2928,13.72,0.00,11.65,0,25.38
3172,13.72,0.00,11.65,0,25.38
3416,13.72,0.00,11.65,0,25.38
3660,13.72,0.00,11.65,0,25.38
238,17.58,0.00,8.85,0,26.44
326,29.55,0.00,62.81,0,92.37
573,21.37,0.00,293.24,0,314.62
834,16.20,4.27,18.84,0,39.32
1858,16.20,4.27,18.84,0,39.32
334,15.27,0.00,25.62,0,40.90
843,0.00,0.00,3.22,0,3.22
1085,21.37,0.00,293.24,0,314.62
1867,0.00,0.00,3.22,0,3.22
